Fecha,Monto,Categoría 1,Categoría_2,Descripción,Origen,País,Monto (USD),Cuotas,Ciudad,Observación
2025-07-17,21500.0,Inversión General,Ferretería,SOCIEDAD INVERSIONE COM.CUOTA FIJA,deudas,,,,,Cuotas restantes: 3 de 3 | monto cuota: $7167
2025-07-31,16691.0,Sin categoría,Importaciones,MERPAGOMOHITSIMPORTADORALA REINA     CL,deudas,,,,,Cuotas restantes: 6 de 6 | monto cuota: $2782
2025-07-17,102000.0,Inversión General,Mantención Vehículo,COMERCIAL SANTA ELI COM.CUOTA FIJA,deudas,,,,,Cuotas restantes: 3 de 3 | monto cuota: $34000
2025-02-12,232998.0,Inversión en Activos,Drones,"EBEST CL TASA INT. 0,00%",deudas,,,,,Cuotas restantes: 6 de 12 | monto cuota: $38833
2025-07-16,68721.0,Inversión General,Ferretería,FERRETERIA ELTIT COM.CUOTA FIJA,deudas,,,,,Cuotas restantes: 6 de 6 | monto cuota: $11454
2025-07-16,119609.0,Inversión en Activos,Infraestructura,FERRETERIA ELTIT COM.CUOTA FIJA,deudas,,,,,Cuotas restantes: 6 de 6 | monto cuota: $19935
2025-03-17,89791.0,Sin categoría,Sin categoría,"MERCADO PAGO 4 TCOM TASA INT. 0,00%",deudas,,,,,Cuotas restantes: 1 de 6 | monto cuota: $89791
2025-07-09,72000.0,Costos Variables,Gas,MERCADOPAGO*FERRETE COM.CUOTA FIJA,deudas,,,,,Cuotas restantes: 3 de 3 | monto cuota: $24000
2025-08-15,17999.0,Inversión en Activos,Iluminacion Laguna,MERCADOPAGO*MERCADO N CUO COM MARC,deudas,,,,,Cuotas restantes: 6 de 6 | monto cuota: $3000
2025-08-13,16691.0,Inversión en Activos,Sistema inteligente,MERPAGO*MOHITSIMPOR N CUO COM MARC,deudas,,,,,Cuotas restantes: 6 de 6 | monto cuota: $2782
2025-07-30,51780.0,Inversión General,Ferretería,FERRETERIA ELTIT COM.CUOTA FIJA,deudas,,,,,Cuotas restantes: 6 de 6 | monto cuota: $8630
2025-08-16,552990.0,Inversión en Activos,Drones,MP *MERCADO LIB N CUO COM MARC,deudas,,,,,Cuotas restantes: 12 de 12 | monto cuota: $46082
2025-06-16,7184.0,Sin categoría,Sin categoría,"MP *MERCADO LIB TASA INT. 0,00%",deudas,,,,,Cuotas restantes: 4 de 6 | monto cuota: $1796
2024-09-04,24148.0,Sin categoría,Sin categoría,"MP *MERCADO LIB TASA INT. 0,00%",deudas,,,,,Cuotas restantes: 1 de 6 | monto cuota: $24148
2025-06-30,13905.0,Sin categoría,Sin categoría,"MP *MERCADO LIB TASA INT. 0,00%",deudas,,,,,Cuotas restantes: 5 de 6 | monto cuota: $2781
2025-06-30,29995.0,Sin categoría,Sin categoría,"MP *MERCADO LIB TASA INT. 0,00%",deudas,,,,,Cuotas restantes: 5 de 6 | monto cuota: $5999
2025-07-20,32545.0,Sin categoría,Sin categoría,"MP *MERCADO LIB TASA INT. 0,00%",deudas,,,,,Cuotas restantes: 5 de 6 | monto cuota: $6509
2025-07-14,400697.0,Inversión General,Mantención HotBoat,"MUNDO PINTURA TEMUC TASA INT. 0,00%",deudas,,,,,Cuotas restantes: 11 de 12 | monto cuota: $36427
2025-07-14,35605.0,Inversión General,Mantención HotBoat,"MUNDO PINTURA TEMUC TASA INT. 0,00%",deudas,,,,,Cuotas restantes: 5 de 6 | monto cuota: $7121
2025-07-03,52365.0,Sin categoría,Sin categoría,"MP *MERCADO LIB TASA INT. 0,00%",deudas,,,,,Cuotas restantes: 5 de 6 | monto cuota: $10473
2025-07-05,2000.0,Inversión General,Ferretería,SUPERMERCADO CATRIP CURARREHUE,Mov. Facturado Nacional,,,,,
2025-07-03,35000.0,Costos Fijos,Internet,STARLINK STARLINK LAS CONDES,Mov. Facturado Nacional,,,,,
2025-07-03,19588.0,Costos Fijos,Seguros,BICE VIDA PAT SANTIAGO,Mov. Facturado Nacional,,,,,
2025-07-04,177359.0,Inversión General,Ferretería,FERRETERIA ELTIT PUCON,Mov. Facturado Nacional,,,,,
2025-07-04,58148.0,Costos Variables,Combustible,COPEC ASISTIDO LAS CONDES,Mov. Facturado Nacional,,,,,
2025-07-04,15092.0,Inversión General,Ferretería,SUPERMERCADO PUCON PUCON,Mov. Facturado Nacional,,,,,
2025-07-07,4000.0,Inversión General,Ferretería,FERRETERIA ELTIT PUCON,Mov. Facturado Nacional,,,,,
2025-07-06,90000.0,Costos Variables,Gas,MERCADOPAGO*FERRETE LAS CONDES,Mov. Facturado Nacional,,,,,
2025-07-06,14010.0,Inversión General,Ferretería,SUPERMERCADO IBACAC CURARREHUE,Mov. Facturado Nacional,,,,,
2025-07-06,2850.0,Inversión General,Ferretería,SUPERMERCADO IBACAC CURARREHUE,Mov. Facturado Nacional,,,,,
2025-07-07,32970.0,Inversión General,Ferretería,FERRETERIA ELTIT PUCON,Mov. Facturado Nacional,,,,,
2025-07-03,10473.0,Sin categoría,Sin categoría,"MP *MERCADO LIB TASA INT. 0,00%",Mov. Facturado Nacional,,,01/06,,
2025-07-03,2200.0,Inversión General,Ferretería,FERRETERIA LA BODEG TEMUCO,Mov. Facturado Nacional,,,,,
2025-06-16,1796.0,Sin categoría,Sin categoría,"MP *MERCADO LIB TASA INT. 0,00%",Mov. Facturado Nacional,,,02/06,,
2025-07-02,13580.0,Inversión General,Ferretería,SOCIEDAD FERRETERIA CAUTIN,Mov. Facturado Nacional,,,,,
2025-07-01,42698.0,Inversión General,Ferretería,FERRETERIA ELTIT PUCON,Mov. Facturado Nacional,,,,,
2025-07-01,39000.0,Inversión General,Ferretería,LUBRICENTRO TRAPP PUCON,Mov. Facturado Nacional,,,,,
2025-06-30,36351.0,Inversión General,Ferretería,FERRETERIA ELTIT PUCON,Mov. Facturado Nacional,,,,,
2025-06-30,30993.0,Sin categoría,Sin categoría,DRL LIGHTING SANTIA SANTIAGO,Mov. Facturado Nacional,,,,,
2025-06-30,5999.0,Sin categoría,Sin categoría,"MP *MERCADO LIB TASA INT. 0,00%",Mov. Facturado Nacional,,,01/06,,
2025-06-30,2781.0,Sin categoría,Sin categoría,"MP *MERCADO LIB TASA INT. 0,00%",Mov. Facturado Nacional,,,01/06,,
2025-06-27,4990.0,Sin categoría,Sin categoría,THEPASSSO EXPRESS PUCON,Mov. Facturado Nacional,,,,,
2025-06-27,74640.0,Inversión General,Ferretería,SOCIEDAD INVERSIONE CAUTIN,Mov. Facturado Nacional,,,,,
2025-07-07,66170.0,Inversión General,Ferretería,SOCIEDAD INVERSIONE CAUTIN,Mov. Facturado Nacional,,,,,
2025-02-12,38833.0,Inversión en Activos,Drones,"EBEST CL TASA INT. 0,00%",Mov. Facturado Nacional,,,06/12,,
2025-07-07,9380.0,Inversión General,Ferretería,FERRETERIA ELTIT PUCON,Mov. Facturado Nacional,,,,,
2025-07-10,54384.0,Inversión General,Ferretería,SUPERMERCADO PUCON PUCON,Mov. Facturado Nacional,,,,,
2025-07-07,274990.0,Inversión en Activos,Calefonts,CEM SANTIAGO,Mov. Facturado Nacional,,,,,
2025-07-07,173847.0,Inversión en Activos,Dispositivos,MERPAGO*ALIPAYSINGA LAS CONDES,Mov. Facturado Nacional,,,,,Llaves de paso y temperatura
2025-07-17,56669.0,Inversión General,Ferretería,SUPERMERCADO PUCON PUCON,Mov. Facturado Nacional,,,,,
2025-07-17,62044.0,Costos Variables,Combustible,COPEC ASISTIDO LAS CONDES,Mov. Facturado Nacional,,,,,
2025-07-17,10400.0,Inversión General,Ferretería,SOCIEDAD INVERSIONE CAUTIN,Mov. Facturado Nacional,,,,,
2025-07-17,9120.0,Inversión General,Ferretería,FERRETERIA ELTIT PUCON,Mov. Facturado Nacional,,,,,
2025-07-15,4421.0,Inversión General,Ferretería,SUPERMERCADO IBACAC CURARREHUE,Mov. Facturado Nacional,,,,,
2025-07-14,9500.0,Inversión General,Ferretería,FERRETERIA NATO CURARREHUE,Mov. Facturado Nacional,,,,,
2025-07-14,7121.0,Inversión General,Mantención HotBoat,"MUNDO PINTURA TEMUC TASA INT. 0,00%",Mov. Facturado Nacional,,,01/06,,
2025-07-14,36427.0,Inversión General,Mantención HotBoat,"MUNDO PINTURA TEMUC TASA INT. 0,00%",Mov. Facturado Nacional,,,01/12,,
2025-07-13,13480.0,Inversión General,Ferretería,UNIMARC PUCON PUCON,Mov. Facturado Nacional,,,,,
2025-07-13,4360.0,Inversión General,Ferretería,SUPERMERCADO IBACAC CURARREHUE,Mov. Facturado Nacional,,,,,
2025-07-12,60207.0,Costos Variables,Combustible,COMBUSTIBLES SUAREZ CAUTIN,Mov. Facturado Nacional,,,,,
2025-07-12,13500.0,Inversión General,Ferretería,FULL CARS 7 SPA TEODORO SCHM,Mov. Facturado Nacional,,,,,
2025-07-12,3960.0,Inversión General,Ferretería,COMERCIAL NUTRIAGRO TEODORO SCHM,Mov. Facturado Nacional,,,,,
2025-07-11,1250.0,Sin categoría,Sin categoría,MERPAGO*EMA MARGARI TEODORO SCHM,Mov. Facturado Nacional,,,,,
2025-07-11,2200.0,Sin categoría,Sin categoría,MERPAGO*ROSAEDITHMA TEODORO SCHM,Mov. Facturado Nacional,,,,,
2025-07-10,39817.0,Sin categoría,Sin categoría,PAGO AUTOMATICO,Mov. Facturado Nacional,,,,,
2025-07-10,960.0,Inversión General,Ferretería,FERRETERIA ELTIT PUCON,Mov. Facturado Nacional,,,,,
2025-07-28,496.0,Sin categoría,Sin categoría,"IMPUESTO DECRETO LEY 3475 TASA 0,800%",Mov. Facturado Nacional,,,,,
2025-07-10,57980.0,Inversión General,Ferretería,FERRETERIA ELTIT PUCON,Mov. Facturado Nacional,,,,,
2025-07-09,500.0,Sin categoría,Sin categoría,HOTBOAT VILLARRICA,Mov. Facturado Nacional,,,,,
2025-07-09,500.0,Sin categoría,Sin categoría,MERPAGO*HOTBOATMERC LAS CONDES,Mov. Facturado Nacional,,,,,
2025-07-09,10220.0,Inversión General,Compras Internacionales,MERPAGO*ALIPAYSINGA LAS CONDES,Mov. Facturado Nacional,,,,,
2025-07-08,500.0,Sin categoría,Sin categoría,HOTBOAT VILLARRICA,Mov. Facturado Nacional,,,,,
2025-07-08,11490.0,Inversión General,Ferretería,SUPERMERCADO IBACAC CURARREHUE,Mov. Facturado Nacional,,,,,
2025-07-07,75179.0,Inversión General,Ferretería,SODIMAC VILLARRICA VILLARRICA,Mov. Facturado Nacional,,,,,
2025-07-29,1359.0,Sin categoría,Sin categoría,"IMPUESTO DECRETO LEY 3475 TASA 0,066%",Mov. Facturado Nacional,,,,,
2025-07-11,66.0,Sin categoría,Sin categoría,"IMPUESTO DECRETO LEY 3475 TASA 0,396%",Mov. Facturado Nacional,,,,,
2025-07-25,199.0,Sin categoría,Sin categoría,"IMPUESTO DECRETO LEY 3475 TASA 0,462%",Mov. Facturado Nacional,,,,,
2025-07-21,155.0,Sin categoría,Sin categoría,"IMPUESTO DECRETO LEY 3475 TASA 0,396%",Mov. Facturado Nacional,,,,,
2025-01-19,5500.0,Sin categoría,Sin categoría,MERPAGO*SERVICIOS D PUCON,Mov. Facturado Nacional,,,,,
2025-01-19,15000.0,Sin categoría,Sin categoría,MERPAGO*SERVICIOS D PUCON,Mov. Facturado Nacional,,,,,
2025-01-18,97980.0,Sin categoría,Sin categoría,MERCADOPAGO*2PRODUC LAS CONDES,Mov. Facturado Nacional,,,,,
2025-01-15,5560.0,Inversión General,Ferretería,FERRETERIA ELTIT PUCON,Mov. Facturado Nacional,,,,,
2025-01-15,35032.0,Inversión General,Ferretería,SUPERMERCADO PUCON PUCON,Mov. Facturado Nacional,,,,,
2025-01-15,7257.0,Sin categoría,Sin categoría,LA CHACRA PUCON,Mov. Facturado Nacional,,,,,
2025-01-14,4195.0,Inversión General,Ferretería,SUPERMERCADO IBACAC CURARREHUE,Mov. Facturado Nacional,,,,,
2025-01-14,16200.0,Sin categoría,Sin categoría,MERPAGO*MABEL ROXAN CHIGUAYANTE,Mov. Facturado Nacional,,,,,
2025-01-13,10450.0,Sin categoría,Alimentos,AFUNAYUN PUCON,Mov. Facturado Nacional,,,,,
2025-01-13,157204.0,Inversión en Activos,Estanques,VILLARICA VILLARRICA,Mov. Facturado Nacional,,,,,Estanque 1400L
2025-01-13,71602.0,Inversión General,Ferretería,SODIMAC VILLARRICA VILLARRICA,Mov. Facturado Nacional,,,,,
2025-01-12,116991.0,Inversión en Activos,Drones,EBEST SPA SANTIAGO,Mov. Facturado Nacional,,,,,Dron
2025-01-12,2380.0,Inversión General,Ferretería,SUPERMERCADO IBACAC CURARREHUE,Mov. Facturado Nacional,,,,,
2025-01-12,19882.0,Sin categoría,Sin categoría,MERCADOPAGO*TITANIO LAS CONDES,Mov. Facturado Nacional,,,,,
2025-01-11,92000.0,Inversión General,Ferretería,MP *FERRETERIA SANTIAGO,Mov. Facturado Nacional,,,,,
2025-01-11,5000.0,Sin categoría,Sin categoría,MERPAGO*HOTBOAT LAS CONDES,Mov. Facturado Nacional,,,,,
2025-01-10,500.0,Sin categoría,Sin categoría,MERPAGO*HOTBOATMERC LAS CONDES,Mov. Facturado Nacional,,,,,
2025-01-10,22000.0,Sin categoría,Sin categoría,FLOW *PORTALDISC SANTIAGO,Mov. Facturado Nacional,,,,,
2025-01-10,103160.0,Inversión General,Ferretería,UNIMARC PUCON PUCON,Mov. Facturado Nacional,,,,,
2025-01-09,5000.0,Sin categoría,Sin categoría,AGROFOOD 11001SANTIAG,Mov. Facturado Nacional,,,,,
2025-01-09,5900.0,Inversión General,Ferretería,SUPERMERCADO CATRIP CURARREHUE,Mov. Facturado Nacional,,,,,
2025-01-08,13180.0,Sin categoría,Sin categoría,SumUp * Luis Ignaci Pucon,Mov. Facturado Nacional,,,,,
2025-01-08,37361.0,Inversión General,Ferretería,SUPERMERCADO PUCON PUCON,Mov. Facturado Nacional,,,,,
2025-01-08,20490.0,Inversión General,Ferretería,FERRETERIA ELTIT PUCON,Mov. Facturado Nacional,,,,,
2025-01-08,1000.0,Inversión General,Ferretería,LIBRERIA VERGARA CAUTIN,Mov. Facturado Nacional,,,,,
2025-01-20,17000.0,Sin categoría,Sin categoría,MERPAGO*MORIJAHOLDI SANTIAGO,Mov. Facturado Nacional,,,,,
2025-01-20,8250.0,Sin categoría,Alimentos,AFUNAYUN PUCON,Mov. Facturado Nacional,,,,,
2025-01-21,8140.0,Sin categoría,Sin categoría,KRAKEN PESCADOS Y M CAUTIN,Mov. Facturado Nacional,,,,,
2025-07-24,7690.0,Sin categoría,Sin categoría,"MERCADOPAGO*FERRETE TASA INT 1,72%",Mov. Facturado Nacional,,,00/06,,
2025-07-18,57.0,Sin categoría,Sin categoría,"IMPUESTO DECRETO LEY 3475 TASA 0,264%",Mov. Facturado Nacional,,,,,
2025-07-18,269.0,Sin categoría,Sin categoría,"IMPUESTO DECRETO LEY 3475 TASA 0,264%",Mov. Facturado Nacional,,,,,
2025-07-17,553.0,Sin categoría,Sin categoría,"IMPUESTO DECRETO LEY 3475 TASA 0,462%",Mov. Facturado Nacional,,,,,
2025-07-17,317.0,Sin categoría,Sin categoría,"IMPUESTO DECRETO LEY 3475 TASA 0,462%",Mov. Facturado Nacional,,,,,
2025-07-15,3462.0,Sin categoría,Sin categoría,"IMPUESTO DECRETO LEY 3475 TASA 0,792%",Mov. Facturado Nacional,,,,,
2025-07-15,169.0,Sin categoría,Sin categoría,"IMPUESTO DECRETO LEY 3475 TASA 0,396%",Mov. Facturado Nacional,,,,,
2025-07-11,190.0,Sin categoría,Sin categoría,"IMPUESTO DECRETO LEY 3475 TASA 0,264%",Mov. Facturado Nacional,,,,,
2025-07-18,14450.0,Inversión General,Ferretería,LIBRERIA VERGARA CAUTIN,Mov. Facturado Nacional,,,,,
2025-07-11,143.0,Sin categoría,Sin categoría,"IMPUESTO DECRETO LEY 3475 TASA 0,396%",Mov. Facturado Nacional,,,,,
2025-07-11,249.0,Sin categoría,Sin categoría,"IMPUESTO DECRETO LEY 3475 TASA 0,396%",Mov. Facturado Nacional,,,,,
2025-07-25,5819.0,Sin categoría,Sin categoría,"PUCON TASA INT 1,72%",Mov. Facturado Nacional,,,00/12,,
2025-07-17,7167.0,Inversión General,Ferretería,"SOCIEDAD INVERSIONE TASA INT 0,00%",Mov. Facturado Nacional,,,00/03,,
2025-01-22,13192.0,Costos Fijos,Internet,ENTEL PCS PAGO EN L SANTIAGO,Mov. Facturado Nacional,,,,,
2025-07-17,34000.0,Inversión General,Mantención Vehículo,"COMERCIAL SANTA ELI TASA INT 0,00%",Mov. Facturado Nacional,,,00/03,,
2025-07-16,21486.0,Inversión General,Ferretería,"FERRETERIA ELTIT TASA INT 1,72%",Mov. Facturado Nacional,,,00/06,,
2025-07-16,12345.0,Inversión General,Ferretería,"FERRETERIA ELTIT TASA INT 1,72%",Mov. Facturado Nacional,,,00/06,,
2025-07-09,24000.0,Sin categoría,Sin categoría,"MERCADOPAGO*FERRETE TASA INT 0,00%",Mov. Facturado Nacional,,,00/03,,
2025-01-29,56932.0,Inversión General,Compras Internacionales,MERCADOPAGO*ALIPAYS LAS CONDES,Mov. Facturado Nacional,,,,,
2025-01-28,18000.0,Sin categoría,Otros,CANVA LAS CONDES,Mov. Facturado Nacional,,,,,
2025-01-26,176312.0,Inversión General,Compras Internacionales,MERCADOPAGO*ALIPAYS LAS CONDES,Mov. Facturado Nacional,,,,,
2025-01-24,8340.0,Inversión General,Ferretería,SUPERMERCADO IBACAC CURARREHUE,Mov. Facturado Nacional,,,,,
2025-01-23,24750.0,Sin categoría,Sin categoría,SUELO NATIVO CURARREHUE,Mov. Facturado Nacional,,,,,
2025-01-22,12790.0,Sin categoría,Sin categoría,SumUp * Luis Ignaci Pucon,Mov. Facturado Nacional,,,,,
2025-01-22,42791.0,Inversión General,Compras Internacionales,MERCADOPAGO*ALIPAYS LAS CONDES,Mov. Facturado Nacional,,,,,
2025-07-17,15000.0,Inversión General,Mantención Vehículo,DICONOR REPUESTOS P PUCON,Mov. Facturado Nacional,,,,,
2025-07-23,1360.0,Inversión General,Ferretería,SUPERMERCADO IBACAC CURARREHUE,Mov. Facturado Nacional,,,,,
2025-07-20,6509.0,Sin categoría,Sin categoría,"MP *MERCADO LIB TASA INT. 0,00%",Mov. Facturado Nacional,,,01/06,,
2025-06-18,1800.0,Sin categoría,Sin categoría,EL GRINGUITO PUCON,Mov. Facturado Nacional,,,,,
2025-06-17,38779.0,Inversión General,Ferretería,SUPERMERCADO PUCON PUCON,Mov. Facturado Nacional,,,,,
2025-06-17,15235.0,Sin categoría,Sin categoría,MORA PUCON,Mov. Facturado Nacional,,,,,
2025-06-16,21502.0,Inversión General,Ferretería,SUPERMERCADO IBACAC CURARREHUE,Mov. Facturado Nacional,,,,,
2025-06-16,14090.0,Sin categoría,Sin categoría,GRANDES TIENDAS HAI PUCON,Mov. Facturado Nacional,,,,,
2025-06-16,8602.0,Sin categoría,Transporte,PAYU *UBER TRIP SANTIAGO,Mov. Facturado Nacional,,,,,
2025-06-16,15235.0,Sin categoría,Sin categoría,MORA PUCON,Mov. Facturado Nacional,,,,,
2025-06-16,11570.0,Sin categoría,Sin categoría,GRANDES TIENDAS HAI PUCON,Mov. Facturado Nacional,,,,,
2025-06-16,16850.0,Inversión General,Compras Internacionales,MERPAGO*ALIPAYSINGA LAS CONDES,Mov. Facturado Nacional,,,,,
2025-06-16,1953.0,Sin categoría,Transporte,PAYU *UBER TRIP SANTIAGO,Mov. Facturado Nacional,,,,,
2025-06-15,6163.0,Sin categoría,Transporte,PAYU *UBER TRIP SANTIAGO,Mov. Facturado Nacional,,,,,
2025-06-15,11460.0,Sin categoría,Sin categoría,OKM SAN PASCUAL SANTIAGO,Mov. Facturado Nacional,,,,,
2025-06-15,93146.0,Sin categoría,Transporte,PAYU *UBER EATS SANTIAGO,Mov. Facturado Nacional,,,,,
2025-06-14,94990.0,Sin categoría,Sin categoría,LIPPI PORTAL DEHESA SANTIAGO,Mov. Facturado Nacional,,,,,
2025-06-14,19908.0,Sin categoría,Transporte,PAYU *UBER EATS SANTIAGO,Mov. Facturado Nacional,,,,,
2025-06-14,5292.0,Sin categoría,Transporte,PAYU *UBER TRIP SANTIAGO,Mov. Facturado Nacional,,,,,
2025-06-14,5489.0,Sin categoría,Transporte,PAYU *UBER TRIP SANTIAGO,Mov. Facturado Nacional,,,,,
2025-06-14,850.0,Sin categoría,Sin categoría,PARKING LA DEHESA SANTIAGO,Mov. Facturado Nacional,,,,,
2025-06-14,9100.0,Sin categoría,Sin categoría,SONG Y GAO LIMITADA SANTIAGO,Mov. Facturado Nacional,,,,,
2025-06-14,45189.0,Sin categoría,Sin categoría,BUBBA CHILE SANTIAGO,Mov. Facturado Nacional,,,,,
2025-06-14,25900.0,Sin categoría,Sin categoría,QUERERTE LOS TRAPEN SANTIAGO,Mov. Facturado Nacional,,,,,
2025-06-13,1857.0,Sin categoría,Transporte,PAYU *UBER TRIP SANTIAGO,Mov. Facturado Nacional,,,,,
2025-06-13,5105.0,Sin categoría,Transporte,PAYU *UBER TRIP SANTIAGO,Mov. Facturado Nacional,,,,,
2025-06-12,55511.0,Costos Variables,Combustible,COPEC ASISTIDO LAS CONDES,Mov. Facturado Nacional,,,,,
2025-06-12,1647.0,Inversión General,Ferretería,UNIMARC PUCON PUCON,Mov. Facturado Nacional,,,,,
2025-06-18,8910.0,Sin categoría,Sin categoría,EL CAMINO PUCON,Mov. Facturado Nacional,,,,,
2025-06-18,9570.0,Sin categoría,Sin categoría,GRANDES TIENDAS HAI PUCON,Mov. Facturado Nacional,,,,,
2025-07-20,14160.0,Inversión General,Ferretería,SUPERMERCADO IBACAC CURARREHUE,Mov. Facturado Nacional,,,,,
2025-06-19,31949.0,Inversión General,Compras Internacionales,MERPAGO*ALIPAYSINGA LAS CONDES,Mov. Facturado Nacional,,,,,
2025-04-29,11210.0,Inversión General,Ferretería,SUPERMERCADO IBACAC CURARREHUE,Mov. Facturado Nacional,,,,,
2025-04-28,15400.0,Sin categoría,Sin categoría,SOCIEDAD CAFE 2001 CAUTIN,Mov. Facturado Nacional,,,,,
2025-04-27,3350.0,Inversión General,Ferretería,SUPERMERCADO IBACAC CURARREHUE,Mov. Facturado Nacional,,,,,
2025-04-26,12420.0,Sin categoría,Sin categoría,MERCADOPAGO*PROVISI LAS CONDES,Mov. Facturado Nacional,,,,,
2025-04-25,13000.0,Sin categoría,Sin categoría,INVERSIONES LD SPA CAUTIN,Mov. Facturado Nacional,,,,,
2025-04-25,11020.0,Inversión General,Ferretería,SUPERMERCADO IBACAC CURARREHUE,Mov. Facturado Nacional,,,,,
2025-04-25,5400.0,Sin categoría,Sin categoría,AGROFOOD 11001SANTIAG,Mov. Facturado Nacional,,,,,
2025-06-25,9250.0,Inversión General,Ferretería,SUPERMERCADO IBACAC CURARREHUE,Mov. Facturado Nacional,,,,,
2025-06-25,175875.0,Inversión General,Compras Internacionales,MERPAGO*ALIPAYSINGA LAS CONDES,Mov. Facturado Nacional,,,,,
2025-06-25,1430.0,Inversión General,Ferretería,SUPERMERCADO IBACAC CURARREHUE,Mov. Facturado Nacional,,,,,
2025-06-25,4990.0,Inversión General,Ferretería,LIBRERIA VERGARA CAUTIN,Mov. Facturado Nacional,,,,,
2025-06-25,400.0,Inversión General,Ferretería,LUBRICENTRO TRAPP PUCON,Mov. Facturado Nacional,,,,,
2025-06-25,1500.0,Inversión General,Ferretería,SUPERMERCADO IBACAC CURARREHUE,Mov. Facturado Nacional,,,,,
2025-06-23,7315.0,Inversión General,Ferretería,SUPERMERCADO IBACAC CURARREHUE,Mov. Facturado Nacional,,,,,
2025-06-23,55422.0,Costos Variables,Combustible,COPEC ASISTIDO LAS CONDES,Mov. Facturado Nacional,,,,,
2025-06-23,13350.0,Sin categoría,Sin categoría,EXPRESS PUCON PUCON,Mov. Facturado Nacional,,,,,
2025-06-22,25000.0,Sin categoría,Sin categoría,MAMAS & PAPAS CAUTIN,Mov. Facturado Nacional,,,,,
2025-06-22,78969.0,Costos Variables,Stock tablas y bebidas,LIDER.CL TIENDA WEB SANTIAGO,Mov. Facturado Nacional,,,,,
2025-06-22,33587.0,Inversión General,Compras Internacionales,MERPAGO*ALIPAYSINGA LAS CONDES,Mov. Facturado Nacional,,,,,
2025-06-21,22990.0,Sin categoría,Sin categoría,MERCADOPAGO*WINKLER LAS CONDES,Mov. Facturado Nacional,,,,,
2025-06-21,12277.0,Inversión General,Ferretería,SUPERMERCADO IBACAC CURARREHUE,Mov. Facturado Nacional,,,,,
2025-06-20,3570.0,Sin categoría,Sin categoría,GRANDES TIENDAS HAI PUCON,Mov. Facturado Nacional,,,,,
2025-06-19,3990.0,Sin categoría,Transporte,UBER LAS CONDES,Mov. Facturado Nacional,,,,,
2025-06-10,11210.0,Inversión General,Ferretería,SUPERMERCADO IBACAC CURARREHUE,Mov. Facturado Nacional,,,,,
2025-06-10,6000.0,Sin categoría,Sin categoría,AGROFOOD 11001SANTIAG,Mov. Facturado Nacional,,,,,
2025-06-10,9690.0,Sin categoría,Sin categoría,MERCADOPAGO*LAHUERT LAS CONDES,Mov. Facturado Nacional,,,,,
2025-06-09,99120.0,Inversión General,Ferretería,SOCIEDAD INVERSIONE CAUTIN,Mov. Facturado Nacional,,,,,
2025-05-30,67428.0,Costos Variables,Combustible,COPEC ASISTIDO LAS CONDES,Mov. Facturado Nacional,,,,,
2025-05-29,70000.0,Sin categoría,Sin categoría,MADERAS JOTA 0 PUCO PUCON,Mov. Facturado Nacional,,,,,
2025-05-29,4696.0,Inversión General,Ferretería,SUPERMERCADO IBACAC CURARREHUE,Mov. Facturado Nacional,,,,,
2025-05-29,13941.0,Inversión General,Compras Internacionales,MERCADOPAGO*ALIPAYS LAS CONDES,Mov. Facturado Nacional,,,,,
2025-05-28,173300.0,Inversión en Activos,Antena starlink,STARLINK STARLINK C LAS CONDES,Mov. Facturado Nacional,,,,,Antena starlink
2025-05-28,28490.0,Sin categoría,Sin categoría,MERCADOPAGO*DISTRIB LAS CONDES,Mov. Facturado Nacional,,,,,
2025-06-23,2968.0,Sin categoría,Sin categoría,"IMPUESTO DECRETO LEY 3475 TASA 0,800%",Mov. Facturado Nacional,,,,,
2025-06-17,43.0,Sin categoría,Sin categoría,"IMPUESTO DECRETO LEY 3475 TASA 0,396%",Mov. Facturado Nacional,,,,,
2025-07-27,3400.0,Sin categoría,Sin categoría,MERCADOPAGO*LAHUERT LAS CONDES,Mov. Facturado Nacional,,,,,
2025-07-26,13420.0,Inversión General,Compras Internacionales,MERPAGO*ALIPAYSINGA LAS CONDES,Mov. Facturado Nacional,,,,,
2025-07-26,3500.0,Inversión General,Ferretería,SUPERMERCADO IBACAC CURARREHUE,Mov. Facturado Nacional,,,,,
2025-07-26,22758.0,Inversión General,Compras Internacionales,MERPAGO*ALIPAYSINGA LAS CONDES,Mov. Facturado Nacional,,,,,
2025-07-25,71402.0,Costos Variables,Combustible,SHELL.F598.CNO INTE PUCON,Mov. Facturado Nacional,,,,,
2025-07-25,2190.0,Sin categoría,Sin categoría,GRANDES TIENDAS HAI PUCON,Mov. Facturado Nacional,,,,,
2025-07-25,3830.0,Inversión General,Ferretería,FERRETERIA ELTIT PUCON,Mov. Facturado Nacional,,,,,
2025-01-08,37101.0,Inversión General,Ferretería,SOCIEDAD INVERSIONE CAUTIN,Mov. Facturado Nacional,,,,,
2025-07-23,5500.0,Inversión General,Ferretería,SUPERMERCADO IBACAC CURARREHUE,Mov. Facturado Nacional,,,,,
2025-07-23,3450.0,Inversión General,Ferretería,SUPERMERCADO IBACAC CURARREHUE,Mov. Facturado Nacional,,,,,
2025-07-23,15829.0,Inversión General,Compras Internacionales,MERPAGO*ALIPAYSINGA LAS CONDES,Mov. Facturado Nacional,,,,,
2025-07-22,5050.0,Inversión General,Ferretería,SUPERMERCADO IBACAC CURARREHUE,Mov. Facturado Nacional,,,,,
2025-07-21,7000.0,Inversión General,Ferretería,SUPERMERCADO IBACAC CURARREHUE,Mov. Facturado Nacional,,,,,
2025-07-21,36390.0,Inversión General,Ferretería,FERRETERIA ELTIT PUCON,Mov. Facturado Nacional,,,,,
2025-07-20,4100.0,Inversión General,Ferretería,SUPERMERCADO IBACAC CURARREHUE,Mov. Facturado Nacional,,,,,
2025-05-30,1800.0,Inversión General,Ferretería,SUPERMERCADO IBACAC CURARREHUE,Mov. Facturado Nacional,,,,,
2025-06-01,14190.0,Sin categoría,Sin categoría,MARCELA CONEJEROS CURARREHUE,Mov. Facturado Nacional,,,,,
2025-06-01,46882.0,Costos de Marketing,Publicidad Google,DLOCAL *GOOGLE ADS SANTIAGO,Mov. Facturado Nacional,,,,,
2025-06-05,28990.0,Sin categoría,Sin categoría,MERPAGO*VENTATM LAS CONDES,Mov. Facturado Nacional,,,,,
2025-06-09,13189.0,Sin categoría,Sin categoría,ALEJANDRO CHRISTIAN CAUTIN,Mov. Facturado Nacional,,,,,
2025-06-09,8700.0,Sin categoría,Sin categoría,AGROFOOD 11001SANTIAG,Mov. Facturado Nacional,,,,,
2025-06-09,30588.0,Inversión General,Compras Internacionales,MERPAGO*ALIPAYSINGA LAS CONDES,Mov. Facturado Nacional,,,,,
2025-06-09,340.0,Sin categoría,Sin categoría,MERCADOPAGO*LAHUERT LAS CONDES,Mov. Facturado Nacional,,,,,
2025-06-06,7580.0,Sin categoría,Sin categoría,KIOSCLUB AMERICAN S PUCON,Mov. Facturado Nacional,,,,,
2025-06-06,17990.0,Inversión General,Ferretería,SUPERMERCADO PUCON PUCON,Mov. Facturado Nacional,,,,,
2025-06-06,1299.0,Inversión General,Ferretería,SUPERMERCADO PUCON PUCON,Mov. Facturado Nacional,,,,,
2025-06-06,7500.0,Inversión General,Ferretería,LUBRICENTRO TRAPP PUCON,Mov. Facturado Nacional,,,,,
2025-06-06,7190.0,Inversión General,Ferretería,FERRETERIA ELTIT PUCON,Mov. Facturado Nacional,,,,,
2025-06-06,169230.0,Inversión General,Ferretería,FERRETERIA ELTIT PUCON,Mov. Facturado Nacional,,,,,
2025-06-06,10279.0,Inversión General,Ferretería,SUPERMERCADO PUCON PUCON,Mov. Facturado Nacional,,,,,
2025-06-05,2040.0,Inversión General,Ferretería,SUPERMERCADO IBACAC CURARREHUE,Mov. Facturado Nacional,,,,,
2025-06-01,6285.0,Inversión General,Ferretería,SUPERMERCADO IBACAC CURARREHUE,Mov. Facturado Nacional,,,,,
2025-06-05,6240.0,Inversión General,Ferretería,SUPERMERCADO IBACAC CURARREHUE,Mov. Facturado Nacional,,,,,
2025-06-04,19549.0,Costos Fijos,Seguros,BICE VIDA PAT SANTIAGO,Mov. Facturado Nacional,,,,,
2025-06-04,35000.0,Costos Fijos,Internet,DLOCAL *STARLINK SANTIAGO,Mov. Facturado Nacional,,,,,
2025-06-04,5350.0,Inversión General,Ferretería,SUPERMERCADO IBACAC CURARREHUE,Mov. Facturado Nacional,,,,,
2025-06-03,25000.0,Sin categoría,Sin categoría,EXPEDICIONES AGUAVE PUCON,Mov. Facturado Nacional,,,,,
2025-06-03,7350.0,Inversión General,Ferretería,FERRETERIA ELTIT PUCON,Mov. Facturado Nacional,,,,,
2025-06-03,16980.0,Inversión General,Ferretería,SUPERMERCADO PUCON PUCON,Mov. Facturado Nacional,,,,,
2025-06-03,2000.0,Inversión General,Ferretería,LUBRICENTRO TRAPP PUCON,Mov. Facturado Nacional,,,,,
2025-06-03,10290.0,Inversión General,Ferretería,SOCIEDAD INVERSIONE CAUTIN,Mov. Facturado Nacional,,,,,
2025-06-03,13670.0,Inversión General,Ferretería,FERRETERIA ELTIT PUCON,Mov. Facturado Nacional,,,,,
2025-06-02,29995.0,Sin categoría,Sin categoría,MERCADOPAGO*SUPLETE LAS CONDES,Mov. Facturado Nacional,,,,,
2025-01-08,19580.0,Sin categoría,Importaciones,IMPORTADORA Y EXPOR CAUTIN,Mov. Facturado Nacional,,,,,
2024-12-30,85711.0,Inversión General,Ferretería,SUPERMERCADO PUCON PUCON,Mov. Facturado Nacional,,,,,
2025-01-06,3930.0,Inversión General,Ferretería,SOCIEDAD INVERSIONE CAUTIN,Mov. Facturado Nacional,,,,,
2025-08-04,1600.0,Costos Fijos,Arriendo,Traspaso A:Pilar Quiroga Toro,Cuenta Corriente,,,,,
2025-08-04,177600.0,Inversión en Activos,HotBoat matriz,Traspaso A:Daniel Inostroza Canal,Cuenta Corriente,,,,,Terciados matriz exterior
2025-08-04,90000.0,Costos Variables,Remuneraciones,Traspaso A:Axel Aguirre,Cuenta Corriente,,,,,
2025-08-04,137000.0,Costos Variables,Remuneraciones,Traspaso A:Nestor Aguirre,Cuenta Corriente,,,,,
2025-08-01,3696.0,Sin categoría,Sin categoría,Intereses Linea De Credito,Cuenta Corriente,,,,,
2025-08-01,230.0,Sin categoría,Sin categoría,Impuesto Linea De Credito,Cuenta Corriente,,,,,
2025-08-01,27500.0,Inversión en Activos,HotBoat 2,Traspaso A:Rayen Romann,Cuenta Corriente,,,,,2da mitad leñera
2025-07-30,30000.0,Costos Variables,Leña,Giro Cajero Automatico             *,Cuenta Corriente,,,,,Leña juan otarola
2025-07-28,73500.0,Costos Variables,Remuneraciones,Traspaso A:Nestor Aguirre,Cuenta Corriente,,,,,
2025-07-28,61500.0,Costos Variables,Remuneraciones,Traspaso A:Axel Aguirre,Cuenta Corriente,,,,,
2025-07-24,57500.0,Costos Variables,Remuneraciones,Traspaso A:Axel Aguirre,Cuenta Corriente,,,,,
2025-07-24,45000.0,Costos Variables,Remuneraciones,Traspaso A:Nestor Aguirre,Cuenta Corriente,,,,,
2025-07-22,784.0,Costos Fijos,Seguros,Cargo Seguro Proteccion Bancaria,Cuenta Corriente,,,,,
2025-07-21,200000.0,Inversión en Activos,Infraestructura,Traspaso A:Guillermo Ulloa Silva,Cuenta Corriente,,,,,Bajada Lancha
2025-07-21,100000.0,Costos Fijos,Sueldo Tom,Traspaso A:Tomas Andreas Damjanic,Cuenta Corriente,,,,,
2025-07-21,30000.0,Costos Variables,Remuneraciones,Traspaso A:Nestor Aguirre,Cuenta Corriente,,,,,
2025-07-21,30000.0,Costos Variables,Remuneraciones,Traspaso A:Axel Aguirre,Cuenta Corriente,,,,,
2025-07-21,33598.0,Sin categoría,Sin categoría,Pago Linea De Cred:012660103000,Cuenta Corriente,,,,,
2025-07-17,72200.0,Costos Fijos,Beneficios HotBoat,Traspaso A:Felipe Hidalgo Sanhuez,Cuenta Corriente,,,,,
2025-07-17,1000000.0,Inversión en Activos,HotBoat matriz,Traspaso A:Daniel Inostroza Canales,Cuenta Corriente,,,,,Pago a daniel para hacer matriz
2025-07-14,93500.0,Inversión General,Mantención,Traspaso A:Axel Aguirre,Cuenta Corriente,,,,,mano de obra
2025-07-14,118500.0,Inversión General,Mantención,Traspaso A:Nestor Aguirre,Cuenta Corriente,,,,,mano de obra
2025-07-14,20000.0,Costos Variables,Remuneraciones,Traspaso A:Nestor Aguirre,Cuenta Corriente,,,,,
2025-07-11,20000.0,Costos Variables,Remuneraciones,Traspaso A:Axel Aguirre,Cuenta Corriente,,,,,
2025-07-10,39817.0,Inversión General,Intereses,Pago Automatico Tarjeta De Credito,Cuenta Corriente,,,,,
2025-07-07,179000.0,Inversión en Activos,Balones de gas,Traspaso A:Nicolas Vallejos,Cuenta Corriente,,,,,Balon de gas
2025-08-04,350000.0,Costos Fijos,Arriendo,Traspaso A:Pilar Quiroga Toro,Cuenta Corriente,,,,,
2025-08-05,100000.0,Costos Fijos,Sueldo Tom,Traspaso A:Tomas Andreas Damjanic,Cuenta Corriente,,,,,
2025-06-02,2.0,Sin categoría,Sin categoría,Intereses Linea De Credito,Cuenta Corriente,,,,,
2025-08-05,6000.0,Costos Variables,Remuneraciones,Traspaso A:Nestor Aguirre,Cuenta Corriente,,,,,
2025-06-02,300000.0,Costos Fijos,Arriendo,Traspaso A:Pilar Quiroga Toro,Cuenta Corriente,,,,,
2025-05-26,4000.0,Sin categoría,Sin categoría,Traspaso A:Luis Riquelme,Cuenta Corriente,,,,,
2025-05-26,184000.0,Inversión en Activos,Balones de gas,Traspaso A:Nicolas Vallejos,Cuenta Corriente,,,,,Balon de gas
2025-05-23,16990.0,Sin categoría,Sin categoría,Recaudacion Y Pagos De Servicios   *,Cuenta Corriente,,,,,
2025-05-22,783.0,Costos Fijos,Seguros,Cargo Seguro Proteccion Bancaria,Cuenta Corriente,,,,,
2025-05-22,19500.0,Sin categoría,Sin categoría,Traspaso A:Medio De Pago Fintoc,Cuenta Corriente,,,,,
2025-05-16,29500.0,Sin categoría,Sin categoría,Traspaso A:Dinko Damjanic,Cuenta Corriente,,,,,
2025-05-15,20000.0,Costos Variables,Remuneraciones,Traspaso A:Axel Aguirre,Cuenta Corriente,,,,,
2025-05-13,500000.0,Inversión General,Mano obra HotBoat daniel,Traspaso A:Daniel Inostroza Canales,Cuenta Corriente,,,,,
2025-05-12,3000.0,Sin categoría,Sin categoría,Traspaso A:Vasti Madariaga,Cuenta Corriente,,,,,
2025-05-12,3503.0,Sin categoría,Sin categoría,Prima Seguro Desgravamen  *,Cuenta Corriente,,,,,
2025-05-12,32220.0,Sin categoría,Sin categoría,Traspaso A:Medio De Pago Fintoc,Cuenta Corriente,,,,,
2025-05-06,20000.0,Sin categoría,Sin categoría,Giro Cajero Automatico             *,Cuenta Corriente,,,,,
2025-05-06,32930.0,Sin categoría,Sin categoría,Traspaso A:Medio De Pago Fintoc,Cuenta Corriente,,,,,
2025-05-02,17.0,Sin categoría,Sin categoría,Intereses Linea De Credito,Cuenta Corriente,,,,,
2025-05-02,2.0,Sin categoría,Sin categoría,Impuesto Linea De Credito,Cuenta Corriente,,,,,
2025-04-23,3500.0,Costos Variables,leña,Traspaso A:Jaime Catricheo,Cuenta Corriente,,,,,
2025-04-22,780.0,Costos Fijos,Seguros,Cargo Seguro Proteccion Bancaria,Cuenta Corriente,,,,,
2025-04-22,3500.0,Costos Variables,leña,Traspaso A:Jaime Catricheo,Cuenta Corriente,,,,,
2025-04-21,323200.0,Costos Fijos,Arriendo,Traspaso A:Pilar Quiroga Toro,Cuenta Corriente,,,,,
2025-08-11,100000.0,Costos Fijos,Sueldo Tom,Traspaso A:Tomas Andreas Damjanic,Cuenta Corriente,,,,,
2025-08-11,25000.0,Costos Variables,Remuneraciones,Traspaso A:Axel Aguirre,Cuenta Corriente,,,,,
2025-08-11,70000.0,Costos Variables,Remuneraciones,Traspaso A:Nestor Aguirre,Cuenta Corriente,,,,,
2025-08-08,65000.0,Inversión en Activos,HotBoat matriz,Traspaso A:Alfredo Gebert Zuniga,Cuenta Corriente,,,,,Fierros y ruedas matriz exterior
2025-08-07,10000.0,Costos Variables,Remuneraciones,Traspaso A:Nestor Aguirre,Cuenta Corriente,,,,,
2025-07-07,110000.0,Inversión General,mantención,Traspaso A:Axel Aguirre,Cuenta Corriente,,,,,mano de obra
2025-07-07,70000.0,Costos Variables,Remuneraciones,Traspaso A:Felipe Castro Torres,Cuenta Corriente,,,,,pago nestor(algo caballo)
2025-07-04,500000.0,Inversión en Activos,HotBoat matriz,Traspaso A:Daniel Inostroza Canal,Cuenta Corriente,,,,,Pago a daniel para hacer matriz
2025-07-04,10000.0,Costos Variables,Remuneraciones,Traspaso A:Axel Aguirre,Cuenta Corriente,,,,,
2025-02-13,10000.0,Sin categoría,Sin categoría,Traspaso A:Juan Otarola,Cuenta Corriente,,,,,
2025-02-10,7550.0,Costos Variables,leña,Traspaso A:Jaime Catricheo,Cuenta Corriente,,,,,
2025-02-06,5000.0,Sin categoría,Sin categoría,Traspaso A:Marcelo Araya,Cuenta Corriente,,,,,
2025-01-27,10000.0,Sin categoría,Sin categoría,Traspaso A:Johanna Rivera,Cuenta Corriente,,,,,
2025-01-22,10000.0,Inversión General,Mano obra HotBoat otros,Traspaso A:Guillermo Ulloa Silva,Cuenta Corriente,,,,,
2025-01-22,768.0,Costos Fijos,Seguros,Cargo Seguro Proteccion Bancaria,Cuenta Corriente,,,,,
2025-01-20,10000.0,Sin categoría,Sin categoría,Traspaso A:Johanna Rivera,Cuenta Corriente,,,,,
2025-01-14,190000.0,Costos Fijos,Sueldo Tom,Traspaso A:Tomas Andreas Damjanic,Cuenta Corriente,,,,,
2025-01-10,500.0,Sin categoría,Sin categoría,Pago:merpago*hotboatme,Cuenta Corriente,,,,,
2025-01-09,300000.0,Sin categoría,Sin categoría,Traspaso A:Sacha Damjanic,Cuenta Corriente,,,,,
2025-01-09,300000.0,Costos Fijos,Arriendo,Traspaso A:Pilar Quiroga Toro,Cuenta Corriente,,,,,
2025-01-08,7200.0,Costos Variables,leña,Traspaso A:Jaime Catricheo,Cuenta Corriente,,,,,
2025-01-07,18000.0,Sin categoría,Sin categoría,Traspaso A:Diego Penailillo,Cuenta Corriente,,,,,
2025-01-06,10000.0,Sin categoría,Sin categoría,Traspaso A:Nicole Barrientos,Cuenta Corriente,,,,,
2025-01-06,18000.0,Inversión General,Mano obra HotBoat otros,Traspaso A:Guillermo Ulloa Silva,Cuenta Corriente,,,,,
2025-01-06,50000.0,Sin categoría,Sin categoría,Traspaso A:Nicole Barrientos,Cuenta Corriente,,,,,
2025-01-02,381.0,Sin categoría,Sin categoría,Intereses Linea De Credito,Cuenta Corriente,,,,,
2025-01-02,50.0,Sin categoría,Sin categoría,Impuesto Linea De Credito,Cuenta Corriente,,,,,
2025-01-02,15000.0,Sin categoría,Sin categoría,Traspaso A:Fabian Campos,Cuenta Corriente,,,,,
2025-01-02,2800.0,Sin categoría,Sin categoría,Traspaso A:Giussepe Orlando,Cuenta Corriente,,,,,
2025-01-02,20950.0,Sin categoría,Sin categoría,Traspaso A:Stephanie Concha,Cuenta Corriente,,,,,
2025-07-30,30000.0,Costos Variables,Leña,Compra leña en efectivo juan otarola,Efectivo,,,,,Leña juan otarola
2025-08-08,7000.0,Costos Variables,Leña,Compra leña en efectivo verduleria,Efectivo,,,,,Leña verduleria
2025-08-12,45000.0,Costos Variables,Leña,Compra leña en efectivo verduleria,Efectivo,,,,,Leña juan otarola
2025-08-15,45000.0,Costos Variables,Remuneraciones,Compra leña en efectivo verduleria,Efectivo,,,,,Pago nestor
2025-02-19,208496.0,Inversión General,Ferretería,Traspaso A:Kupfer Hermanos Da,Cuenta Corriente,,,,,
2025-02-21,500000.0,Costos Fijos,Arriendo,Traspaso A:Pilar Quiroga Toro,Cuenta Corriente,,,,,
2025-02-24,772.0,Costos Fijos,Seguros,Cargo Seguro Proteccion Bancaria,Cuenta Corriente,,,,,
2025-06-18,45000.0,Costos Variables,Gas,Traspaso A:Javiera Rodriguez,Cuenta Corriente,,,,,
2025-07-04,20000.0,Costos Variables,Remuneraciones,Traspaso A:Axel Aguirre,Cuenta Corriente,,,,,
2025-07-04,55000.0,Costos Variables,Remuneraciones,Traspaso A:Nestor Aguirre,Cuenta Corriente,,,,,
2025-07-03,300000.0,Costos Fijos,Arriendo,Traspaso A:Pilar Quiroga Toro,Cuenta Corriente,,,,,
2025-07-02,48000.0,Costos Variables,Remuneraciones,Traspaso A:Nestor Aguirre,Cuenta Corriente,,,,,
2025-07-01,302310.0,Inversión en Activos,HotBoat 1,Traspaso A:Guido Hernaldo Roa San,Cuenta Corriente,,,,,"Caldera inox, mano de obra"
2025-06-30,35660.0,Sin categoría,Sin categoría,Traspaso A:Medio De Pago Fintoc,Cuenta Corriente,,,,,
2025-06-30,27500.0,Sin categoría,Sin categoría,Traspaso A:Jonatan Mendez,Cuenta Corriente,,,,,
2025-06-30,200000.0,Costos Fijos,Sueldo Tom,Traspaso A:Prex Chile S A,Cuenta Corriente,,,,,
2025-06-27,32220.0,Sin categoría,Sin categoría,Traspaso A:Medio De Pago Fintoc,Cuenta Corriente,,,,,
2025-06-23,785.0,Costos Fijos,Seguros,Cargo Seguro Proteccion Bancaria,Cuenta Corriente,,,,,
2025-06-19,16280.0,Sin categoría,Sin categoría,Traspaso A:Diego Luis Perez,Cuenta Corriente,,,,,
2025-06-17,10000.0,Inversión General,Mano obra HotBoat otros,Traspaso A:Guillermo Ulloa Silva,Cuenta Corriente,,,,,
2025-03-03,20000.0,Sin categoría,Sin categoría,Traspaso A:Hector Zamorano,Cuenta Corriente,,,,,
2025-06-16,32220.0,Sin categoría,Sin categoría,Traspaso A:Medio De Pago Fintoc,Cuenta Corriente,,,,,
2025-06-16,15000.0,Costos Variables,Remuneraciones,Traspaso A:Axel Aguirre,Cuenta Corriente,,,,,
2025-06-10,21010.0,Sin categoría,Sin categoría,Traspaso A:Medio De Pago Fintoc,Cuenta Corriente,,,,,
2025-06-09,3000.0,Sin categoría,Sin categoría,Traspaso A:Sebastian Paredes,Cuenta Corriente,,,,,
2025-04-15,81429.0,Inversión General,Intereses,Pago Automatico Tarjeta De Credito,Cuenta Corriente,,,,,
2025-04-08,190000.0,Inversión en Activos,Infraestructura,Traspaso A:Hector Llancao,Cuenta Corriente,,,,,Bajada Lancha
2025-04-07,40000.0,Sin categoría,Sin categoría,Traspaso A:Javiera Hernandez,Cuenta Corriente,,,,,
2025-03-24,777.0,Costos Fijos,Seguros,Cargo Seguro Proteccion Bancaria,Cuenta Corriente,,,,,
2025-03-20,198623.0,Devolucion a cliente,Devolucion a cliente,Traspaso A:Brian Godoy Silva,Cuenta Corriente,,,,,Devolucion a cliente
2025-03-20,108860.0,Inversión General,Mano obra HotBoat daniel,Traspaso A:Daniel Inostroza Canales,Cuenta Corriente,,,,,
2025-03-17,127000.0,Sin categoría,Sin categoría,Traspaso A:Alejandro Calabrano,Cuenta Corriente,,,,,
2025-06-02,2.0,Sin categoría,Sin categoría,Impuesto Linea De Credito,Cuenta Corriente,,,,,
2025-06-05,58250.0,Costos Fijos,Beneficios HotBoat,Traspaso A:Felipe Hidalgo Sanhuez,Cuenta Corriente,,,,,
2025-01-06,1500.0,Sin categoría,Sin categoría,YANVAL PUCON,Mov. Facturado Nacional,,,,,
2025-08-21,7220.0,Sin categoría,Transporte,PAYUARUBER             CAP.FEDERAL  AR,Mov. No Facturado Internacional,,7.6,,,
2025-08-17,45932.0,Costos de Marketing,Publicidad Meta,FACEBK *7DVZVU4F42 COMPRAS INT.VI,Mov. No Facturado Internacional,IRLANDA,48.35,,,
2025-08-17,19969.0,Costos de Marketing,Publicidad Meta,FACEBK *QV6ZPVUE42 COMPRAS INT.VI,Mov. No Facturado Internacional,IRLANDA,21.02,,,
2025-08-15,12977.0,Inversión General,Compras Internacionales,www.aliexpress.com COMPRAS INT.VI,Mov. No Facturado Internacional,REINO UNIDO,13.66,,,
2025-08-14,10535.0,Inversión General,Compras Internacionales,www.aliexpress.com COMPRAS INT.VI,Mov. No Facturado Internacional,REINO UNIDO,11.09,,,
2025-08-12,120317.0,Sin categoría,Sin categoría,FLYBONDI COMPRAS INT.VI,Mov. No Facturado Internacional,ARGENTINA,126.65,,,
2025-08-11,4826.0,Inversión General,Compras Internacionales,www.aliexpress.com COMPRAS INT.VI,Mov. No Facturado Internacional,REINO UNIDO,5.08,,,
2025-08-11,105773.0,Costos de Marketing,Publicidad Meta,FACEBK *H69XZULF42 COMPRAS INT.VI,Mov. No Facturado Internacional,IRLANDA,111.34,,,
2025-08-11,18772.0,Inversión General,Compras Internacionales,www.aliexpress.com COMPRAS INT.VI,Mov. No Facturado Internacional,REINO UNIDO,19.76,,,
2025-03-03,39748.0,Costos de Marketing,Publicidad Meta,FACEBK                  DUBLIN       IE,Mov. No Facturado Internacional,,41.84,,,
2025-02-28,36442.0,Costos de Marketing,Publicidad Meta,FACEBK* COMPRAS INT.VI,Mov. No Facturado Internacional,IRLANDA,38.36,,,
2025-02-26,13870.0,Costos Variables,edicion videos,FiverrEU COMPRAS INT.VI,Mov. No Facturado Internacional,CHIPRE,14.6,,,
2025-02-26,33383.0,Costos de Marketing,Publicidad Meta,FACEBK *QPTS7JLE42 COMPRAS INT.VI,Mov. No Facturado Internacional,IRLANDA,35.14,,,
2025-04-02,19152.0,Inversión General,Compras Internacionales,www.aliexpress.com       LONDON       GB,Mov. No Facturado Internacional,,20.16,,,
2025-04-01,27550.0,Sin categoría,Otros,Viator Limited           London       GB,Mov. No Facturado Internacional,,29.0,,,
2025-03-29,53513.0,Costos de Marketing,Publicidad Meta,FACEBK *3APWXMQE42 COMPRAS INT.VI,Mov. No Facturado Internacional,IRLANDA,56.33,,,
2025-07-18,18990.0,Costos de Marketing,Herramientas de marketing,PADDLE.NET* CHATBOT COMPRAS INT.VI,Mov. No Facturado Internacional,REINO UNIDO,19.99,,,
2025-07-17,41458.0,Costos de Marketing,Publicidad Meta,FACEBK *JR6JYS8F42 COMPRAS INT.VI,Mov. No Facturado Internacional,IRLANDA,43.64,,,
2025-07-09,94914.0,Costos de Marketing,Publicidad Meta,FACEBK *F5ZLRRYE42 COMPRAS INT.VI,Mov. No Facturado Internacional,IRLANDA,99.91,,,
2025-07-09,24918.0,Costos Variables,edicion videos,FiverrEU COMPRAS INT.VI,Mov. No Facturado Internacional,CHIPRE,26.23,,,
2025-07-09,30390.0,Inversión General,Sitio Web,HOSTINGER* HOSTINGE COMPRAS INT.VI,Mov. No Facturado Internacional,CHIPRE,31.99,,,
2025-07-09,12340.0,Inversión General,Sitio Web,hostinger.com COMPRAS INT.VI,Mov. No Facturado Internacional,CHIPRE,12.99,,,
2025-07-05,90544.0,Costos de Marketing,Publicidad Meta,FACEBK *QGP9ASCF42 COMPRAS INT.VI,Mov. No Facturado Internacional,IRLANDA,95.31,,,
2025-07-05,150613.0,Inversión en Activos,Bombas,AMAZON MKTPL*N35UM1 COMPRAS INT.VI,Mov. No Facturado Internacional,ESTADOS UNIDOS,158.54,,,Bombas seaflo
2025-07-04,19000.0,Costos de Marketing,Herramientas de marketing,"CURSOR, AI POWERED COMPRAS INT.VI",Mov. No Facturado Internacional,ESTADOS UNIDOS,20.0,,,
2025-07-01,15532.0,Costos de Marketing,Publicidad Google,GOOGLE *ADS15719036 COMPRAS INT.VI,Mov. No Facturado Internacional,ESTADOS UNIDOS,16.35,,,
2025-08-18,18990.0,Costos de Marketing,Herramientas de marketing,PADDLE.NET* CHATBOT COMPRAS INT.VI,Mov. No Facturado Internacional,REINO UNIDO,19.99,,,
2025-08-23,4265.0,Sin categoría,Transporte,PAYUARUBER             CAP.FEDERAL  AR,Mov. No Facturado Internacional,,4.49,,,
2025-08-23,7286.0,Sin categoría,Transporte,PAYUARUBER             CAP.FEDERAL  AR,Mov. No Facturado Internacional,,7.67,,,
2025-01-05,57843.0,Costos Variables,Combustible,COPEC ASISTIDO LAS CONDES,Mov. Facturado Nacional,,,,,
2025-01-05,6110.0,Inversión General,Ferretería,SUPERMERCADO IBACAC CURARREHUE,Mov. Facturado Nacional,,,,,
2025-01-03,19170.0,Costos Fijos,Seguros,BICE VIDA PAT SANTIAGO,Mov. Facturado Nacional,,,,,
2025-01-03,21000.0,Inversión General,Ferretería,MERPAGO*FERRETERIA CURARREHUE,Mov. Facturado Nacional,,,,,
2025-01-02,6820.0,Inversión General,Ferretería,FERRETERIA NATO CURARREHUE,Mov. Facturado Nacional,,,,,
2024-12-31,2400.0,Inversión General,Ferretería,SUPERMERCADO IBACAC CURARREHUE,Mov. Facturado Nacional,,,,,
2024-12-30,6550.0,Inversión General,Ferretería,SUPERMERCADO IBACAC CURARREHUE,Mov. Facturado Nacional,,,,,
2025-01-13,24190.0,Inversión General,Ferretería,COMPRA SUPERMERCADO CL,Banco Estado,,,,,
2024-12-30,8178.0,Inversión General,Ferretería,FERRETERIA ELTIT PUCON,Mov. Facturado Nacional,,,,,
2024-12-29,6671.0,Inversión General,Ferretería,SUPERMERCADO IBACAC CURARREHUE,Mov. Facturado Nacional,,,,,
2024-12-28,18000.0,Sin categoría,Otros,CANVA LAS CONDES,Mov. Facturado Nacional,,,,,
2024-12-27,4140.0,Inversión General,Ferretería,SUPERMERCADO IBACAC CURARREHUE,Mov. Facturado Nacional,,,,,
2024-12-27,5000.0,Inversión General,Ferretería,SUPERMERCADO IBACAC CURARREHUE,Mov. Facturado Nacional,,,,,
2024-12-26,7000.0,Inversión General,Ferretería,SUPERMERCADO IBACAC CURARREHUE,Mov. Facturado Nacional,,,,,
2024-12-26,5920.0,Inversión General,Ferretería,SUPERMERCADO IBACAC CURARREHUE,Mov. Facturado Nacional,,,,,
2024-09-06,5065.0,Sin categoría,Sin categoría,"MERCADOPAGO*MERCADO TASA INT. 0,00%",Mov. Facturado Nacional,,,05/06,,
2025-08-04,19000.0,Costos de Marketing,Herramientas de marketing,"CURSOR, AI POWERED COMPRAS INT.VI",Mov. No Facturado Internacional,ESTADOS UNIDOS,20.0,,,
2025-08-03,98980.0,Costos de Marketing,Publicidad Meta,FACEBK *CEGWWTGF42 COMPRAS INT.VI,Mov. No Facturado Internacional,IRLANDA,104.19,,,
2025-08-01,92492.0,Costos de Marketing,Publicidad Google,GOOGLE *ADS15719036 COMPRAS INT.VI,Mov. No Facturado Internacional,ESTADOS UNIDOS,97.36,,,
2025-07-30,9490.0,Inversión General,Compras Internacionales,www.aliexpress.com COMPRAS INT.VI,Mov. No Facturado Internacional,REINO UNIDO,9.99,,,
2025-08-24,1035.0,Sin categoría,Sin categoría,DIA TIENDA 427           CAPITAL FEDERAR,Mov. No Facturado Internacional,,1.09,,,
2025-08-24,4104.0,Sin categoría,Transporte,PAYUARUBER             CAP.FEDERAL  AR,Mov. No Facturado Internacional,,4.32,,,
2025-08-24,3743.0,Sin categoría,Transporte,PAYUARUBER             CAP.FEDERAL  AR,Mov. No Facturado Internacional,,3.94,,,
2025-08-23,5690.0,Sin categoría,Transporte,PAYUARUBER             CAP.FEDERAL  AR,Mov. No Facturado Internacional,,5.99,,,
2025-06-30,84540.0,Costos de Marketing,Publicidad Meta,FACEBK *HE6CER4F42 COMPRAS INT.VI,Mov. No Facturado Internacional,IRLANDA,88.99,,,
2025-06-26,79363.0,Costos de Marketing,Publicidad Meta,FACEBK *TDD8XRUE42 COMPRAS INT.VI,Mov. No Facturado Internacional,IRLANDA,83.54,,,
2025-08-01,92492.0,Costos de Marketing,Publicidad Google,GOOGLE ADS1571903631    ccgoogle.comUS,Mov. No Facturado Internacional,,97.36,,,
2025-08-08,3200.0,Inversión General,Ferretería,SUPERMERCADO IBACACHE    CURARREHUE   CL,Mov. No Facturado Nacional,,,,,
2025-08-18,2600.0,Inversión General,Ferretería,SUPERMERCADO IBACAC COMPRAS,Mov. No Facturado Nacional,,,,CURARREHUE,
2025-08-18,28239.0,Sin categoría,Sin categoría,MERCADOPAGO*FVILLAG COMPRAS,Mov. No Facturado Nacional,,,,LAS CONDES,
2025-08-16,10920.0,Inversión General,Ferretería,SUPERMERCADO IBACAC COMPRAS,Mov. No Facturado Nacional,,,,CURARREHUE,
2025-08-14,15190.0,Sin categoría,Importaciones,IMPORTADORA Y EXPOR COMPRAS,Mov. No Facturado Nacional,,,,CAUTIN,
2025-08-13,107448.0,Sin categoría,Sin categoría,MERCADOPAGO*JETSMAR COMPRAS,Mov. No Facturado Nacional,,,,LAS CONDES,
2025-08-12,6061.0,Inversión General,Ferretería,FERRETERIA ELTIT COMPRAS,Mov. No Facturado Nacional,,,,PUCON,
2025-08-12,44137.0,Inversión General,Compras Internacionales,MERPAGO*ALIPAYSINGA COMPRAS,Mov. No Facturado Nacional,,,,LAS CONDES,
2025-08-12,83224.0,Sin categoría,Sin categoría,WEB TRAVEL SKY COMPRAS,Mov. No Facturado Nacional,,,,SANTIAGO,
2025-08-09,79990.0,Sin categoría,Sin categoría,MERPAGO*RUSHERSKY COMPRAS,Mov. No Facturado Nacional,,,,LAS CONDES,
2025-08-08,3200.0,Inversión General,Ferretería,SUPERMERCADO IBACAC COMPRAS,Mov. No Facturado Nacional,,,,CURARREHUE,
2025-08-08,3090.0,Sin categoría,Sin categoría,GRANDES TIENDAS HAI COMPRAS,Mov. No Facturado Nacional,,,,PUCON,
2025-08-08,6030.0,Inversión General,Ferretería,SUPERMERCADO IBACAC COMPRAS,Mov. No Facturado Nacional,,,,CURARREHUE,
2025-08-08,67707.0,Costos Variables,Combustible,COPEC ASISTIDO COMPRAS,Mov. No Facturado Nacional,,,,LAS CONDES,
2025-08-01,109000.0,Inversión General,Ferretería,MERCADOPAGOFERRETERIA   Las Condes   CL,Mov. No Facturado Nacional,,,,,
2025-07-31,18100.0,Inversión General,Ferretería,SUPERMERCADO IBACACHE    CURARREHUE   CL,Mov. No Facturado Nacional,,,,,
2025-07-31,14550.0,Inversión General,Ferretería,SUPERMERCADO IBACACHE    CURARREHUE   CL,Mov. No Facturado Nacional,,,,,
2025-07-31,41800.0,Costos Variables,Stock tablas y bebidas,LIDER.CL MALL ONECLICK   SANTIAGO     CL,Mov. No Facturado Nacional,,,,,
2025-08-18,14180.0,Sin categoría,Sin categoría,MERPAGO*COMERCIALFL COMPRAS,Mov. No Facturado Nacional,,,,LAS CONDES,
2025-08-18,1500.0,Inversión General,Ferretería,LUBRICENTRO TRAPP COMPRAS,Mov. No Facturado Nacional,,,,PUCON,
2025-08-18,2000.0,Sin categoría,Importaciones,IMPORTADORA DRAGON COMPRAS,Mov. No Facturado Nacional,,,,PUCON,
2025-07-31,14550.0,Inversión General,Ferretería,SUPERMERCADO IBACAC COMPRAS,Mov. No Facturado Nacional,,,,CURARREHUE,
2025-08-08,3090.0,Sin categoría,Sin categoría,GRANDES TIENDAS HAI HUANGPUCON        CL,Mov. No Facturado Nacional,,,,,
2025-08-08,6030.0,Inversión General,Ferretería,SUPERMERCADO IBACACHE    CURARREHUE   CL,Mov. No Facturado Nacional,,,,,
2025-08-08,67707.0,Costos Variables,Combustible,COPEC ASISTIDO           LAS CONDES   CL,Mov. No Facturado Nacional,,,,,
2025-08-08,79990.0,Sin categoría,Sin categoría,MERPAGORUSHERSKY        Las Condes   CL,Mov. No Facturado Nacional,,,,,
2025-08-05,19540.0,Costos Fijos,Seguros,BICE VIDA PAT ** COMPRAS,Mov. No Facturado Nacional,,,,SANTIAGO,
2025-08-04,14969.0,Inversión General,Ferretería,SUPERMERCADO PUCON COMPRAS,Mov. No Facturado Nacional,,,,PUCON,
2025-08-04,35655.0,Inversión General,Ferretería,SUPERMERCADO PUCON COMPRAS,Mov. No Facturado Nacional,,,,PUCON,
2025-08-03,35000.0,Costos Fijos,Internet,STARLINK STARLINK C COMPRAS,Mov. No Facturado Nacional,,,,LAS CONDES,
2025-08-03,4950.0,Inversión General,Ferretería,SUPERMERCADO IBACAC COMPRAS,Mov. No Facturado Nacional,,,,CURARREHUE,
2025-08-02,41545.0,Inversión General,Compras Internacionales,MERPAGO*ALIPAYSINGA COMPRAS,Mov. No Facturado Nacional,,,,LAS CONDES,
2025-08-01,109000.0,Costos Variables,Gas,MERCADOPAGO*FERRETE COMPRAS,Mov. No Facturado Nacional,,,,LAS CONDES,
2025-07-31,41800.0,Costos Variables,Stock tablas y bebidas,LIDER.CL MALL ONECL COMPRAS,Mov. No Facturado Nacional,,,,SANTIAGO,
2025-08-19,18631.0,Sin categoría,Sin categoría,TRIPLE E COMPRAS,Mov. No Facturado Nacional,,,,SANTIAGO,
2025-07-31,16691.0,Sin categoría,Sin categoría,MERPAGO*MOHITSIMPOR N CUO COM MARC,Mov. No Facturado Nacional,,,01/06,LA REINA,
2025-07-31,18100.0,Inversión General,Ferretería,SUPERMERCADO IBACAC COMPRAS,Mov. No Facturado Nacional,,,,CURARREHUE,
2025-07-30,68165.0,Inversión General,Compras Internacionales,MERPAGO*ALIPAYSINGA COMPRAS,Mov. No Facturado Nacional,,,,LAS CONDES,
2025-07-30,47123.0,Inversión General,Compras Internacionales,MERPAGO*ALIPAYSINGA COMPRAS,Mov. No Facturado Nacional,,,,LAS CONDES,
2025-07-30,9800.0,Inversión General,Ferretería,SUPERMERCADO IBACAC COMPRAS,Mov. No Facturado Nacional,,,,CURARREHUE,
2025-07-30,23646.0,Inversión General,Compras Internacionales,MERPAGO*ALIPAYSINGA COMPRAS,Mov. No Facturado Nacional,,,,LAS CONDES,
2025-07-30,128647.0,Inversión General,Compras Internacionales,MERPAGO*ALIPAYSINGA COMPRAS,Mov. No Facturado Nacional,,,,LAS CONDES,
2025-08-22,17661.0,Inversión en Activos,HotBoat 1,MERPAGOALIPAYSINGAPOREECLas Condes   CL,Mov. No Facturado Nacional,,,,,Sistema Iluminacion: caja ip67 fusibles
2025-08-20,98000.0,Costos Variables,Gas,MERCADOPAGO*FERRETE COMPRAS,Mov. No Facturado Nacional,,,,LAS CONDES,
2025-08-19,66851.0,Inversión en Activos,HotBoat 1,MERPAGO*ALIPAYSINGA COMPRAS,Mov. No Facturado Nacional,,,,LAS CONDES,Sistema Iluminacion: botones inox y caja ip67 botones
2025-05-01,58145.0,Costos de Marketing,Publicidad Google,DLOCAL *GOOGLE ADS SANTIAGO,Mov. Facturado Nacional,,,,,
2025-01-13,10380.0,Sin categoría,Importaciones,COMPRA IMPORTADORA  CL,Banco Estado,,,,,
2025-05-01,10620.0,Inversión General,Ferretería,SUPERMERCADO IBACAC CURARREHUE,Mov. Facturado Nacional,,,,,
2025-05-12,110000.0,Sin categoría,Sin categoría,TEF BANCOESTADO A BURGOS RIVERA ANG,Banco Estado,,,,,
2025-04-21,35230.0,Sin categoría,Sin categoría,TEF CAJA VECINA SOCIEDAD COMERCIAL,Banco Estado,,,,,
2025-04-23,25000.0,Costos Variables,Remuneraciones,TEF BANCOESTADO A  AGUIRRE PAILLALE,Banco Estado,,,,,
2025-04-23,62944.0,Inversión en Activos,Poleras,TEF A RUT 77184211-9,Banco Estado,,,,,
2025-04-23,36819.0,Sin categoría,Sin categoría,TEF A PLASTIQUIMICA SOCIEDAD INDUST,Banco Estado,,,,,
2025-04-23,13585.0,Sin categoría,Sin categoría,TEF A VEGA MOLINA VICTOR MIGUEL,Banco Estado,,,,,
2025-04-23,250000.0,Inversión en Activos,Poleras,TEF A RUT 77184211-9,Banco Estado,,,,,
2025-04-30,15000.0,Costos Variables,Remuneraciones,TEF BANCOESTADO A  AGUIRRE PAILLALE,Banco Estado,,,,,
2025-04-30,64060.0,Sin categoría,Sin categoría,TEF A ROJO SEPULVEDA DENISSE BELEN,Banco Estado,,,,,
2025-04-30,20000.0,Inversión General,Mano obra HotBoat daniel,TEF BANCOESTADO A INOSTROZA CANALES,Banco Estado,,,,,
2025-05-02,300000.0,Costos Fijos,Arriendo,TEF BANCOESTADO A QUIROGA TORO PILA,Banco Estado,,,,,
2025-05-05,55000.0,Costos Variables,Remuneraciones,TEF BANCOESTADO A  AGUIRRE PAILLALE,Banco Estado,,,,,
2025-05-09,24000.0,Inversión General,Mano obra HotBoat daniel,TEF BANCOESTADO A INOSTROZA CANALES,Banco Estado,,,,,
2025-05-19,25000.0,Costos Variables,Remuneraciones,TEF BANCOESTADO A  AGUIRRE PAILLALE,Banco Estado,,,,,
2025-04-21,30000.0,Costos Variables,Remuneraciones,TEF BANCOESTADO A  AGUIRRE PAILLALE,Banco Estado,,,,,
2025-05-19,25000.0,Sin categoría,Sin categoría,TEF BANCOESTADO A  PAILLALEF LEFINI,Banco Estado,,,,,
2025-05-22,98000.0,Sin categoría,Sin categoría,TEF A CALABRANO PAREDES ALEJANDRO A,Banco Estado,,,,,
2025-05-26,35000.0,Costos Variables,Remuneraciones,TEF BANCOESTADO A  AGUIRRE PAILLALE,Banco Estado,,,,,
2025-06-02,28900.0,Sin categoría,Sin categoría,TEF CAJA VECINA SOCIEDAD COMERCIAL,Banco Estado,,,,,
2025-06-02,20000.0,Costos Variables,Remuneraciones,TEF BANCOESTADO A  AGUIRRE PAILLALE,Banco Estado,,,,,
2025-06-02,208260.0,Sin categoría,Sin categoría,TEF A RODRIGUEZ CARRASCO JAVIERA ST,Banco Estado,,,,,
2025-06-09,5000.0,Costos Variables,Remuneraciones,TEF BANCOESTADO A  AGUIRRE PAILLALE,Banco Estado,,,,,
2025-06-09,70000.0,Sin categoría,Sin categoría,TEF BANCOESTADO A  RAMIREZ QUINTERO,Banco Estado,,,,,
2025-06-12,39477.0,Sin categoría,Sin categoría,TEF A DISTRIBUIDORA DE MATERIALES D,Banco Estado,,,,,
2025-06-23,10000.0,Costos Variables,Remuneraciones,TEF BANCOESTADO A  AGUIRRE PAILLALE,Banco Estado,,,,,
2025-06-25,5000.0,Costos Variables,Remuneraciones,TEF BANCOESTADO A  AGUIRRE PAILLALE,Banco Estado,,,,,
2025-06-25,100000.0,Sin categoría,Sin categoría,GIRO POR REDBANC 25/06 11:49,Banco Estado,,,,,
2025-04-21,65000.0,Costos Variables,Remuneraciones,TEF BANCOESTADO A  AGUIRRE PAILLALE,Banco Estado,,,,,
2025-04-16,25000.0,Costos Variables,Remuneraciones,TEF BANCOESTADO A  AGUIRRE PAILLALE,Banco Estado,,,,,
2025-06-26,10000.0,Sin categoría,Sin categoría,TEF BANCOESTADO A ARANDA BASCUNAN C,Banco Estado,,,,,
2025-03-13,17000.0,Sin categoría,Sin categoría,TEF A CASTRO MARTINEZ MARTA NOEMI,Banco Estado,,,,,
2025-03-10,9200.0,Sin categoría,Importaciones,COMPRA IMPORTADORA  CL,Banco Estado,,,,,
2025-03-10,5000.0,Costos Variables,Remuneraciones,TEF BANCOESTADO A  AGUIRRE PAILLALE,Banco Estado,,,,,
2025-03-10,38166.0,Inversión General,Ferretería,COMPRA SUPERMERCADO CL,Banco Estado,,,,,
2025-03-11,1525.0,Sin categoría,Sin categoría,COMPRA MERPAGO*SOC  CL,Banco Estado,,,,,
2025-03-11,3890.0,Inversión General,Ferretería,COMPRA FERRETERIA E CL,Banco Estado,,,,,
2025-03-11,17103.0,Inversión General,Ferretería,COMPRA SUPERMERCADO CL,Banco Estado,,,,,
2025-03-11,6520.0,Inversión General,Ferretería,COMPRA SUPERMERCADO CL,Banco Estado,,,,,
2025-03-11,3550.0,Sin categoría,Sin categoría,COMPRA SUMUP * SUSA CL,Banco Estado,,,,,
2025-03-11,15000.0,Costos Variables,Remuneraciones,TEF BANCOESTADO A  AGUIRRE PAILLALE,Banco Estado,,,,,
2025-03-12,38000.0,Sin categoría,Sin categoría,TEF BANCOESTADO A  VERGARA SEGUEL M,Banco Estado,,,,,
2025-03-12,52000.0,Costos Variables,Remuneraciones,TEF BANCOESTADO A  AGUIRRE PAILLALE,Banco Estado,,,,,
2025-03-13,25000.0,Costos Variables,Remuneraciones,TEF BANCOESTADO A  AGUIRRE PAILLALE,Banco Estado,,,,,
2025-03-14,35660.0,Sin categoría,Sin categoría,TEF A ROJO SEPULVEDA DENISSE BELEN,Banco Estado,,,,,
2025-04-15,25000.0,Costos Variables,Remuneraciones,TEF BANCOESTADO A  AGUIRRE PAILLALE,Banco Estado,,,,,
2025-03-17,25000.0,Costos Variables,Remuneraciones,TEF BANCOESTADO A  AGUIRRE PAILLALE,Banco Estado,,,,,
2025-03-21,30000.0,Costos Variables,Remuneraciones,TEF BANCOESTADO A  AGUIRRE PAILLALE,Banco Estado,,,,,
2025-03-24,10000.0,Costos Variables,Remuneraciones,TEF BANCOESTADO A  AGUIRRE PAILLALE,Banco Estado,,,,,
2025-03-31,50000.0,Sin categoría,Sin categoría,TEF BANCOESTADO A OCAMPO BUENO CARL,Banco Estado,,,,,
2025-03-31,15000.0,Costos Variables,Remuneraciones,TEF BANCOESTADO A  AGUIRRE PAILLALE,Banco Estado,,,,,
2025-03-31,3590.0,Sin categoría,Sin categoría,COMPRA PUCON        CL,Banco Estado,,,,,
2025-04-08,87162.0,Sin categoría,Sin categoría,TEF A QUIMICA ANDINA CHILE SA,Banco Estado,,,,,
2025-04-08,10000.0,Sin categoría,Sin categoría,GIRO POR REDBANC 08/04 11:20,Banco Estado,,,,,
2025-04-09,6500.0,Sin categoría,Importaciones,COMPRA IMPORTADORA  CL,Banco Estado,,,,,
2025-04-09,15000.0,Sin categoría,Sin categoría,GIRO POR REDBANC 09/04 10:24,Banco Estado,,,,,
2025-04-14,28000.0,Costos Variables,Remuneraciones,TEF BANCOESTADO A  AGUIRRE PAILLALE,Banco Estado,,,,,
2025-04-14,27000.0,Costos Variables,Remuneraciones,TEF BANCOESTADO A  AGUIRRE PAILLALE,Banco Estado,,,,,
2025-06-25,25000.0,Sin categoría,Sin categoría,TEF BANCOESTADO A ARANDA BASCUNAN C,Banco Estado,,,,,
2025-06-26,15000.0,Sin categoría,Sin categoría,TEF BANCOESTADO A ARANDA BASCUNAN C,Banco Estado,,,,,
2025-06-03,19000.0,Costos de Marketing,Herramientas de marketing,"CURSOR, AI POWERED",Mov. Facturado Internacional,ESTADOS UNIDOS,20.0,,,
2025-05-19,5652.0,Sin categoría,Sin categoría,ANTHROPIC,Mov. Facturado Internacional,ESTADOS UNIDOS,5.95,,,
2025-03-05,28500.0,Inversión en Activos,Motores HotBoat,FLIPSKY.NET,Mov. Facturado Internacional,FRANCIA,30.0,,,
2025-03-03,39748.0,Costos de Marketing,Publicidad Meta,FACEBK*,Mov. Facturado Internacional,IRLANDA,41.84,,,
2025-02-28,36442.0,Costos de Marketing,Publicidad Meta,FACEBK*,Mov. Facturado Internacional,IRLANDA,38.36,,,
2025-02-26,33383.0,Costos de Marketing,Publicidad Meta,FACEBK *QPTS7JLE42,Mov. Facturado Internacional,IRLANDA,35.14,,,
2025-02-26,13870.0,Costos Variables,edicion videos,FiverrEU,Mov. Facturado Internacional,CHIPRE,14.6,,,
2025-04-17,51528.0,Costos de Marketing,Publicidad Meta,FACEBK *QBSV8L4F42,Mov. Facturado Internacional,IRLANDA,54.24,,,
2025-04-16,117695.0,Inversión General,Compras Internacionales,www.aliexpress.com,Mov. Facturado Internacional,REINO UNIDO,123.89,,,
2025-04-02,19152.0,Inversión General,Compras Internacionales,www.aliexpress.com,Mov. Facturado Internacional,REINO UNIDO,20.16,,,
2025-04-02,27550.0,Sin categoría,Otros,VIATOR LIMITED,Mov. Facturado Internacional,REINO UNIDO,29.0,,,
2025-03-29,53513.0,Costos de Marketing,Publicidad Meta,FACEBK *3APWXMQE42,Mov. Facturado Internacional,IRLANDA,56.33,,,
2025-05-24,47405.0,Inversión General,Compras Internacionales,www.aliexpress.com,Mov. Facturado Internacional,REINO UNIDO,49.9,,,
2025-05-24,8027.0,Inversión General,Compras Internacionales,www.aliexpress.com,Mov. Facturado Internacional,REINO UNIDO,8.45,,,
2025-05-18,18990.0,Costos de Marketing,Herramientas de marketing,PADDLE.NET* CHATBOT,Mov. Facturado Internacional,REINO UNIDO,19.99,,,
2025-03-08,940.0,Sin categoría,Sin categoría,Kindle Svcs*UM6UP53,Mov. Facturado Internacional,ESTADOS UNIDOS,0.99,,,
2025-05-17,3040.0,Costos de Marketing,Publicidad Meta,FACEBK *C62DENGF42,Mov. Facturado Internacional,IRLANDA,3.2,,,
2025-05-17,39738.0,Costos de Marketing,Publicidad Meta,FACEBK *4LXG6PLE42,Mov. Facturado Internacional,IRLANDA,41.83,,,
2025-05-13,44802.0,Inversión General,Compras Internacionales,www.aliexpress.com,Mov. Facturado Internacional,REINO UNIDO,47.16,,,
2025-05-12,178562.0,Inversión General,Compras Internacionales,www.aliexpress.com,Mov. Facturado Internacional,REINO UNIDO,187.96,,,
2025-05-08,59004.0,Costos de Marketing,Publicidad Meta,FACEBK *6E2LPM4F42,Mov. Facturado Internacional,IRLANDA,62.11,,,
2025-04-25,50540.0,Inversión General,Compras Internacionales,www.aliexpress.com,Mov. Facturado Internacional,REINO UNIDO,53.2,,,
2025-05-14,275395.0,Sin categoría,Sin categoría,DEVOL. SOBREABONO,Mov. Facturado Internacional,,289.89,,,
2025-06-22,71877.0,Costos de Marketing,Publicidad Meta,FACEBK *DD2VWQGF42,Mov. Facturado Internacional,IRLANDA,75.66,,,
2025-06-18,18990.0,Costos de Marketing,Herramientas de marketing,PADDLE.NET* CHATBOT,Mov. Facturado Internacional,REINO UNIDO,19.99,,,
2025-06-17,10877.0,Costos de Marketing,Publicidad Meta,FACEBK *CYLK8QYE42,Mov. Facturado Internacional,IRLANDA,11.45,,,
2025-06-17,32556.0,Costos de Marketing,Publicidad Meta,FACEBK *5PWGZQLF42,Mov. Facturado Internacional,IRLANDA,34.27,,,
2025-06-13,65749.0,Costos de Marketing,Publicidad Meta,FACEBK *ZYD9YQUE42,Mov. Facturado Internacional,IRLANDA,69.21,,,
2025-03-06,45058.0,Costos de Marketing,Publicidad Meta,FACEBK *LXL4NJLE42,Mov. Facturado Internacional,IRLANDA,47.43,,,
2025-03-10,42750.0,Inversión en Activos,Motores HotBoat,FLIPSKY.NET,Mov. Facturado Internacional,FRANCIA,45.0,,,
2025-06-30,15500.0,Costos Variables,Remuneraciones,TEF BANCOESTADO A AGUIRRE PAILLALEF,Banco Estado,,,,,
2025-02-05,22182.0,Costos de Marketing,Publicidad Meta,FACEBK*,Mov. Facturado Internacional,IRLANDA,23.35,,,
2025-06-30,30000.0,Costos Variables,Remuneraciones,TEF BANCOESTADO A  AGUIRRE PAILLALE,Banco Estado,,,,,
2025-07-28,40000.0,Costos Variables,Devolucion clientes,TEF BANCOESTADO A DIAZ CARRILLO LUI,Banco Estado,,,,,Devolucion a cliente
2025-02-26,30352.0,Costos de Marketing,Publicidad Meta,FACEBK*,Mov. Facturado Internacional,IRLANDA,31.95,,,
2025-02-25,283033.0,Costos Variables,edicion videos,FiverrEU,Mov. Facturado Internacional,CHIPRE,297.93,,,
2025-02-24,499700.0,Inversión en Activos,Motores HotBoat,FLIPSKY.NET,Mov. Facturado Internacional,FRANCIA,526.0,,,
2025-02-17,11960.0,Costos de Marketing,Publicidad Meta,FACEBK*,Mov. Facturado Internacional,IRLANDA,12.59,,,
2025-02-17,81700.0,Inversión General,Compras Internacionales,www.aliexpress.com,Mov. Facturado Internacional,REINO UNIDO,86.0,,,
2025-02-12,24586.0,Inversión General,Compras Internacionales,www.aliexpress.com,Mov. Facturado Internacional,REINO UNIDO,25.88,,,
2025-02-11,18183.0,Inversión General,Compras Internacionales,www.aliexpress.com,Mov. Facturado Internacional,REINO UNIDO,19.14,,,
2025-02-11,27094.0,Costos de Marketing,Publicidad Meta,FACEBK*,Mov. Facturado Internacional,IRLANDA,28.52,,,
2025-02-08,24576.0,Costos de Marketing,Publicidad Meta,FACEBK*,Mov. Facturado Internacional,IRLANDA,25.87,,,
2025-02-06,95237.0,Inversión General,Compras Internacionales,www.aliexpress.com,Mov. Facturado Internacional,REINO UNIDO,100.25,,,
2025-02-04,64362.0,Sin categoría,Sin categoría,ENVATO *70023600,Mov. Facturado Internacional,ESTADOS UNIDOS,67.75,,,
2025-03-12,49362.0,Costos de Marketing,Publicidad Meta,FACEBK *H4RFZLQE42,Mov. Facturado Internacional,IRLANDA,51.96,,,
2025-02-02,19921.0,Costos de Marketing,Publicidad Meta,FACEBK*,Mov. Facturado Internacional,IRLANDA,20.97,,,
2025-02-01,18116.0,Costos de Marketing,Publicidad Meta,FACEBK*,Mov. Facturado Internacional,IRLANDA,19.07,,,
2025-02-01,16463.0,Costos de Marketing,Publicidad Meta,FACEBK*,Mov. Facturado Internacional,IRLANDA,17.33,,,
2025-01-31,14934.0,Costos de Marketing,Publicidad Meta,FACEBK*,Mov. Facturado Internacional,IRLANDA,15.72,,,
2025-01-31,36651.0,Inversión General,Compras Internacionales,ALIEXPRESS.COM,Mov. Facturado Internacional,REINO UNIDO,38.58,,,
2025-01-30,9880.0,Costos de Marketing,Publicidad Meta,FACEBK*,Mov. Facturado Internacional,IRLANDA,10.4,,,
2025-03-20,18696.0,Inversión General,Compras Internacionales,www.aliexpress.com,Mov. Facturado Internacional,REINO UNIDO,19.68,,,
2025-03-20,111406.0,Inversión General,Compras Internacionales,ALIEXPRESS,Mov. Facturado Internacional,REINO UNIDO,117.27,,,
2025-03-20,34399.0,Inversión General,Compras Internacionales,www.aliexpress.com,Mov. Facturado Internacional,REINO UNIDO,36.21,,,
2025-03-19,3733.0,Sin categoría,Sin categoría,LIME*2 VIAJES XZXS,Mov. Facturado Internacional,ESTADOS UNIDOS,3.93,,,
2025-03-17,2565.0,Costos de Marketing,Publicidad Meta,FACEBK *YW4S9MQE42,Mov. Facturado Internacional,IRLANDA,2.7,,,
2025-03-17,8464.0,Costos de Marketing,Publicidad Meta,FACEBK *4M2MYJCF42,Mov. Facturado Internacional,IRLANDA,8.91,,,
2025-03-10,24559.0,Inversión General,Ferretería,COMPRA FERRETERIA E CL,Banco Estado,,,,,
2025-03-10,5000.0,Inversión General,Ferretería,COMPRA FERRETERIA E CL,Banco Estado,,,,,
2025-03-10,14000.0,Sin categoría,Sin categoría,COMPRA GOLD LUK BAR CL,Banco Estado,,,,,
2025-01-31,4290.0,Inversión General,Ferretería,COMPRA SUPERMERCADO CL,Banco Estado,,,,,
2025-01-29,10720.0,Inversión General,Ferretería,COMPRA SUPERMERCADO CL,Banco Estado,,,,,
2025-01-29,19080.0,Sin categoría,Sin categoría,WEB MERPAGO*DISTRIBUID,Banco Estado,,,,,
2025-01-29,144440.0,Inversión General,Ferretería,COMPRA SODIMAC VILL CL,Banco Estado,,,,,
2025-01-30,60605.0,Costos Variables,Combustible,COMPRA COPEC ASISTI CL,Banco Estado,,,,,
2025-01-30,167690.0,Inversión General,Ferretería,COMPRA UNIMARC PUCO CL,Banco Estado,,,,,
2025-01-30,1375.0,Sin categoría,Sin categoría,MERPAGO,Banco Estado,,,,,
2025-01-30,14960.0,Sin categoría,Sin categoría,COMPRA MORA         CL,Banco Estado,,,,,
2025-01-30,725.0,Sin categoría,Sin categoría,COMPRA MERPAGO*CONS CL,Banco Estado,,,,,
2025-01-30,5900.0,Sin categoría,Sin categoría,COMPRA SUMUP * SUSA CL,Banco Estado,,,,,
2025-01-30,60000.0,Sin categoría,Sin categoría,TEF A MG DISENO LIMITADA,Banco Estado,,,,,
2025-01-30,2500.0,Inversión General,Ferretería,COMPRA LIBRERIA VER CL,Banco Estado,,,,,
2025-01-30,144282.0,Inversión en Activos,Materiales HotBoat 3,TEF A QUIMICA ANDINA CHILE SA,Banco Estado,,,,,Monomero Estireno
2025-02-03,1900.0,Inversión General,Ferretería,COMPRA SUPERMERCADO CL,Banco Estado,,,,,
2025-01-27,1900.0,Inversión General,Ferretería,COMPRA SUPERMERCADO CL,Banco Estado,,,,,
2025-02-03,3150.0,Inversión General,Ferretería,COMPRA SUPERMERCADO CL,Banco Estado,,,,,
2025-02-03,13000.0,Costos Variables,Gas,TEF BANCOESTADO A  MUNOZ CUCHA BAST,Banco Estado,,,,,
2025-02-04,4333.0,Inversión General,Ferretería,COMPRA SUPERMERCADO CL,Banco Estado,,,,,
2025-02-04,50800.0,Inversión General,Ferretería,COMPRA FERRETERIA N CL,Banco Estado,,,,,
2025-02-04,16320.0,Inversión General,Ferretería,COMPRA SUPERMERCADO CL,Banco Estado,,,,,
2025-02-05,3800.0,Inversión General,Ferretería,COMPRA SUPERMERCADO CL,Banco Estado,,,,,
2025-02-06,6500.0,Sin categoría,Sin categoría,TEF A ROJAS PRADO RENT A CAR SPA,Banco Estado,,,,,
2025-02-06,34000.0,Sin categoría,Sin categoría,COMPRA MEC-SUR SUCU CL,Banco Estado,,,,,
2025-02-06,20000.0,Sin categoría,Sin categoría,COMPRA SERVITECA DA CL,Banco Estado,,,,,
2025-02-06,62060.0,Inversión General,Ferretería,COMPRA DOBLE RR CON CL,Banco Estado,,,,,
2025-02-06,41773.0,Sin categoría,Sin categoría,COMPRA EXPRESS VILL CL,Banco Estado,,,,,
2025-02-06,2400.0,Sin categoría,Sin categoría,COMPRA COMERCIALIZA CL,Banco Estado,,,,,
2025-01-28,92000.0,Costos Variables,Gas,COMPRA MP     *FERR CL,Banco Estado,,,,,
2025-01-27,5950.0,Inversión General,Ferretería,COMPRA SUPERMERCADO CL,Banco Estado,,,,,
2025-03-10,3050.0,Inversión General,Ferretería,COMPRA LIBRERIA VER CL,Banco Estado,,,,,
2025-01-21,66857.0,Costos Variables,Combustible,COMPRA COPEC ASISTI CL,Banco Estado,,,,,
2025-01-13,5250.0,Inversión General,Ferretería,COMPRA SUPERMERCADO CL,Banco Estado,,,,,
2025-01-13,3500.0,Inversión General,Ferretería,COMPRA SUPERMERCADO CL,Banco Estado,,,,,
2025-01-13,10800.0,Sin categoría,Sin categoría,COMPRA MERPAGO*MERPAGO,Banco Estado,,,,,
2025-01-14,1850.0,Inversión General,Ferretería,COMPRA LIBRERIA VER CL,Banco Estado,,,,,
2025-01-14,7400.0,Sin categoría,Importaciones,COMPRA IMPORTADORA  CL,Banco Estado,,,,,
2025-01-17,200000.0,Inversión General,Mano obra HotBoat daniel,TEF BANCOESTADO A INOSTROZA CANALES,Banco Estado,,,,,
2025-01-17,2850.0,Inversión General,Ferretería,COMPRA SUPERMERCADO CL,Banco Estado,,,,,
2025-01-20,3000.0,Inversión General,Ferretería,COMPRA SUPERMERCADO CL,Banco Estado,,,,,
2025-01-20,9248.0,Inversión General,Ferretería,COMPRA SUPERMERCADO CL,Banco Estado,,,,,
2025-01-20,13600.0,Inversión General,Ferretería,COMPRA LIBRERIA VER CL,Banco Estado,,,,,
2025-01-21,68181.0,Inversión General,Ferretería,COMPRA SUPERMERCADO CL,Banco Estado,,,,,
2025-01-21,56930.0,Inversión General,Ferretería,COMPRA FERRETERIA E CL,Banco Estado,,,,,
2025-01-21,1780.0,Inversión General,Ferretería,COMPRA FERRETERIA E CL,Banco Estado,,,,,
2025-01-27,20000.0,Inversión General,Mano obra HotBoat daniel,TEF BANCOESTADO A INOSTROZA CANALES,Banco Estado,,,,,
2025-01-21,2200.0,Inversión General,Ferretería,COMPRA FERRETERIA E CL,Banco Estado,,,,,
2025-01-22,177705.0,Inversión en Activos,Herramientas,WEB MERPAGO*QUALITYRUB,Banco Estado,,,,,Lija Orbital
2025-01-22,30000.0,Sin categoría,Sin categoría,TEF BANCOESTADO A OCAMPO BUENO CARL,Banco Estado,,,,,
2025-01-22,17870.0,Inversión General,Ferretería,COMPRA SODIMAC VILL CL,Banco Estado,,,,,
2025-01-22,12250.0,Inversión General,Ferretería,COMPRA FERRETERIA F CL,Banco Estado,,,,,
2025-01-23,2990.0,Inversión General,Ferretería,COMPRA FERRETERIA E CL,Banco Estado,,,,,
2025-01-23,21100.0,Inversión General,Ferretería,COMPRA SUPERMERCADO CL,Banco Estado,,,,,
2025-01-24,6500.0,Sin categoría,Sin categoría,COMPRA TUU*TRANSPOR CL,Banco Estado,,,,,
2025-01-27,3450.0,Inversión General,Ferretería,COMPRA SUPERMERCADO CL,Banco Estado,,,,,
2025-01-27,7500.0,Inversión General,Ferretería,COMPRA FERRETERIA N CL,Banco Estado,,,,,
2025-01-27,7317.0,Inversión General,Ferretería,COMPRA SUPERMERCADO CL,Banco Estado,,,,,
2025-01-27,5000.0,Sin categoría,Sin categoría,COMPRA AGROFOOD     CL,Banco Estado,,,,,
2025-02-06,44779.0,Inversión General,Ferretería,COMPRA DOBLE RR CON CL,Banco Estado,,,,,
2025-02-07,1900.0,Inversión General,Ferretería,COMPRA SUPERMERCADO CL,Banco Estado,,,,,
2025-02-07,14950.0,Sin categoría,Sin categoría,WEB MERPAGO*MERCADOLIB,Banco Estado,,,,,
2025-02-27,12000.0,Sin categoría,Sin categoría,TEF A RUT 77725222-4,Banco Estado,,,,,
2025-02-18,35000.0,Inversión General,Ferretería,TEF A KUPFER HERMANOS SA,Banco Estado,,,,,
2025-02-18,440.0,Sin categoría,Sin categoría,COMPRA HAULMER*MUFI CL,Banco Estado,,,,,
2025-02-19,3000.0,Sin categoría,Sin categoría,COMPRA AGROFOOD     CL,Banco Estado,,,,,
2025-02-19,29000.0,Costos Variables,Gas,COMPRA MERPAGO*FERR CL,Banco Estado,,,,,
2025-02-21,14570.0,Sin categoría,Importaciones,COMPRA IMPORTADORA  CL,Banco Estado,,,,,
2025-02-21,40000.0,Sin categoría,Sin categoría,TEF A ROJAS PRADO LUIS ALEJANDRO,Banco Estado,,,,,
2025-02-21,40090.0,Inversión General,Ferretería,COMPRA UNIMARC PUCO CL,Banco Estado,,,,,
2025-02-24,43000.0,Sin categoría,Sin categoría,COMPRA MERPAGO*SOCI CL,Banco Estado,,,,,
2025-02-24,2500.0,Costos Variables,Remuneraciones,TEF BANCOESTADO A  AGUIRRE PAILLALE,Banco Estado,,,,,
2025-02-25,98000.0,Costos Variables,Gas,COMPRA MP     *FERR CL,Banco Estado,,,,,
2025-02-25,3000.0,Costos Variables,Remuneraciones,TEF BANCOESTADO A  AGUIRRE PAILLALE,Banco Estado,,,,,
2025-02-26,98000.0,Costos Variables,Gas,TEF BANCOESTADO A  MUNOZ CUCHA BAST,Banco Estado,,,,,
2025-02-28,15000.0,Costos Variables,Remuneraciones,TEF BANCOESTADO A  AGUIRRE PAILLALE,Banco Estado,,,,,
2025-02-10,87000.0,Costos Variables,Gas,TEF BANCOESTADO A  MUNOZ CUCHA BAST,Banco Estado,,,,,
2025-03-03,2500.0,Inversión General,Ferretería,COMPRA SUPERMERCADO CL,Banco Estado,,,,,
2025-03-03,35000.0,Costos Variables,Remuneraciones,TEF BANCOESTADO A  AGUIRRE PAILLALE,Banco Estado,,,,,
2025-03-03,15199.0,Inversión General,Ferretería,COMPRA SUPERMERCADO CL,Banco Estado,,,,,
2025-03-05,500000.0,Inversión General,Mano obra HotBoat daniel,TEF BANCOESTADO A INOSTROZA CANALES,Banco Estado,,,,,
2025-03-05,250000.0,Costos Fijos,Arriendo,TEF BANCOESTADO A QUIROGA TORO PILA,Banco Estado,,,,,
2025-03-06,40000.0,Costos Variables,Remuneraciones,TEF BANCOESTADO A  AGUIRRE PAILLALE,Banco Estado,,,,,
2025-03-06,15673.0,Sin categoría,Sin categoría,COMPRA MERCADOPAGO* CL,Banco Estado,,,,,
2025-03-06,30000.0,Sin categoría,Sin categoría,TEF A COWORK PUCON SPA,Banco Estado,,,,,
2025-03-06,1400.0,Sin categoría,Sin categoría,COMPRA MERCADO MARI CL,Banco Estado,,,,,
2025-03-06,250000.0,Costos Fijos,Arriendo,TEF BANCOESTADO A QUIROGA TORO PILA,Banco Estado,,,,,
2025-03-10,5700.0,Inversión General,Ferretería,COMPRA SUPERMERCADO CL,Banco Estado,,,,,
2025-03-10,1350.0,Inversión General,Ferretería,COMPRA SUPERMERCADO CL,Banco Estado,,,,,
2025-02-18,42000.0,Sin categoría,Sin categoría,TEF BANCOESTADO A ABARCA MUNOZ CAMI,Banco Estado,,,,,
2025-02-18,4500.0,Sin categoría,Sin categoría,COMPRA MERPAGO*EMER CL,Banco Estado,,,,,
2025-02-18,16990.0,Sin categoría,Sin categoría,COMPRA ELECTRO LED  CL,Banco Estado,,,,,
2025-02-18,75400.0,Sin categoría,Importaciones,COMPRA IMPORTADORA  CL,Banco Estado,,,,,
2025-02-10,2990.0,Inversión General,Ferretería,COMPRA SUPERMERCADO CL,Banco Estado,,,,,
2025-02-10,72157.0,Inversión General,Ferretería,COMPRA SUPERMERCADO CL,Banco Estado,,,,,
2025-02-10,1900.0,Inversión General,Ferretería,COMPRA SUPERMERCADO CL,Banco Estado,,,,,
2025-02-10,7750.0,Inversión General,Ferretería,COMPRA SUPERMERCADO CL,Banco Estado,,,,,
2025-02-10,14600.0,Sin categoría,Sin categoría,COMPRA PUCON        CL,Banco Estado,,,,,
2025-02-10,29000.0,Sin categoría,Sin categoría,COMPRA MERPAGO*LUIS CL,Banco Estado,,,,,
2025-02-10,196000.0,Costos de Marketing,Herramientas de marketing,TEF BANCOESTADO A  SAFE TRAVELER TI,Banco Estado,,,,,
2025-02-11,4475.0,Inversión General,Ferretería,COMPRA SUPERMERCADO CL,Banco Estado,,,,,
2025-02-12,2350.0,Sin categoría,Sin categoría,MERPAGO,Banco Estado,,,,,
2025-02-12,68351.0,Inversión General,Ferretería,COMPRA SUPERMERCADO CL,Banco Estado,,,,,
2025-02-13,29221.0,Inversión General,Ferretería,COMPRA UNIMARC PUCO CL,Banco Estado,,,,,
2025-02-13,12980.0,Sin categoría,Importaciones,COMPRA IMPORTADORA  CL,Banco Estado,,,,,
2025-02-13,5780.0,Sin categoría,Sin categoría,COMPRA TURBUS   EGT CL,Banco Estado,,,,,
2025-02-13,3800.0,Inversión General,Ferretería,COMPRA SUPERMERCADO CL,Banco Estado,,,,,
2025-02-13,5000.0,Sin categoría,Importaciones,COMPRA IMPORTADORA  CL,Banco Estado,,,,,
2025-02-14,12900.0,Inversión General,Ferretería,COMPRA SUPERMERCADO CL,Banco Estado,,,,,
2025-02-17,3800.0,Inversión General,Ferretería,COMPRA SUPERMERCADO CL,Banco Estado,,,,,
2025-02-17,94000.0,Costos Variables,Gas,COMPRA MP     *FERR CL,Banco Estado,,,,,
2025-02-17,8090.0,Inversión General,Ferretería,COMPRA SUPERMERCADO CL,Banco Estado,,,,,
2025-02-17,34170.0,Sin categoría,Sin categoría,WEB MERPAGO*DISTRIBUID,Banco Estado,,,,,
2025-02-17,200000.0,Inversión General,Mano obra HotBoat daniel,TEF BANCOESTADO A INOSTROZA CANALES,Banco Estado,,,,,
2025-02-18,76858.0,Costos Variables,Combustible,COMPRA COPEC ASISTI CL,Banco Estado,,,,,
2025-02-18,7900.0,Sin categoría,Sin categoría,COMPRA MERPAGO*MARI CL,Banco Estado,,,,,
2025-02-18,10450.0,Inversión General,Ferretería,COMPRA SUPERMERCADO CL,Banco Estado,,,,,
2025-02-18,45729.0,Inversión General,Ferretería,COMPRA SODIMAC VILL CL,Banco Estado,,,,,
2025-06-07,59802.0,Costos de Marketing,Publicidad Meta,FACEBK *NBNACQCF42,Mov. Facturado Internacional,IRLANDA,62.95,,,
2025-05-28,21660.0,Inversión General,Compras Internacionales,www.aliexpress.com,Mov. Facturado Internacional,REINO UNIDO,22.8,,,
2025-05-01,100770.0,Costos Variables,Stock tablas y bebidas,LIDER.CL TIENDA WEB SANTIAGO,Mov. Facturado Nacional,,,,,
2025-03-26,1210.0,Sin categoría,Sin categoría,SUMUP * LUIS IGNACI PUCON,Mov. Facturado Nacional,,,,,
2025-04-03,19140.0,Sin categoría,Alimentos,FAMILIA UNIDA UYP S CAUTIN,Mov. Facturado Nacional,,,,,
2025-04-03,1970.0,Sin categoría,Alimentos,FAMILIA UNIDA UYP S CAUTIN,Mov. Facturado Nacional,,,,,
2025-04-02,3640.0,Inversión General,Ferretería,FERRETERIA ELTIT PUCON,Mov. Facturado Nacional,,,,,
2025-04-02,2800.0,Inversión General,Ferretería,LUBRICENTRO TRAPP PUCON,Mov. Facturado Nacional,,,,,
2025-04-01,29321.0,Costos de Marketing,Publicidad Google,DLOCAL *GOOGLE ADS SANTIAGO,Mov. Facturado Nacional,,,,,
2025-03-31,4600.0,Sin categoría,Sin categoría,SUMUP * LUIS IGNACI PUCON,Mov. Facturado Nacional,,,,,
2025-03-31,11000.0,Sin categoría,Alimentos,AFUNAYUN PUCON,Mov. Facturado Nacional,,,,,
2025-03-31,26306.0,Inversión General,Ferretería,SUPERMERCADO PUCON PUCON,Mov. Facturado Nacional,,,,,
2025-03-31,48253.0,Inversión General,Compras Internacionales,MERCADOPAGO*ALIPAYS LAS CONDES,Mov. Facturado Nacional,,,,,
2025-03-30,36300.0,Sin categoría,Sin categoría,PASAJEBUS SANTIAGO,Mov. Facturado Nacional,,,,,
2025-03-30,24100.0,Sin categoría,Sin categoría,PASAJEBUS SANTIAGO,Mov. Facturado Nacional,,,,,
2025-03-29,45074.0,Sin categoría,Sin categoría,LATAM.COM XP OTRAS SANTIAGO,Mov. Facturado Nacional,,,,,
2025-04-04,12523.0,Inversión General,Ferretería,SUPERMERCADO IBACAC CURARREHUE,Mov. Facturado Nacional,,,,,
2025-04-25,1675.0,Sin categoría,Sin categoría,"IMPUESTO DECRETO LEY 3475 TASA 0,066 %",Mov. Facturado Nacional,,,,,
2025-05-27,15775.0,Inversión General,Ferretería,UNIMARC PUCON PUCON,Mov. Facturado Nacional,,,,,
2025-05-26,11100.0,Sin categoría,Sin categoría,VILLARRICA VILLARRICA,Mov. Facturado Nacional,,,,,
2025-05-26,17700.0,Sin categoría,Sin categoría,NEUMATICO CENTRO ME VILLARRICA,Mov. Facturado Nacional,,,,,
2025-05-26,1800.0,Sin categoría,Sin categoría,Z PERFORMANCE REPUE VILLARRICA,Mov. Facturado Nacional,,,,,
2025-05-26,16500.0,Sin categoría,Sin categoría,ESTUDIO BARAHONA LI CAUTIN,Mov. Facturado Nacional,,,,,
2025-05-26,12900.0,Sin categoría,Sin categoría,MERCADOPAGO*EPULEF LAS CONDES,Mov. Facturado Nacional,,,,,
2025-05-26,19635.0,Sin categoría,Sin categoría,MORA PUCON,Mov. Facturado Nacional,,,,,
2025-05-26,16000.0,Costos Variables,Combustible,COPEC ASISTIDO LAS CONDES,Mov. Facturado Nacional,,,,,
2025-05-25,3560.0,Sin categoría,Alimentos,FAMILIA UNIDA UYP S CAUTIN,Mov. Facturado Nacional,,,,,
2025-05-24,9274.0,Inversión General,Ferretería,SUPERMERCADO PUCON PUCON,Mov. Facturado Nacional,,,,,
2025-04-03,19403.0,Costos Fijos,Seguros,BICE VIDA PAT SANTIAGO,Mov. Facturado Nacional,,,,,
2025-04-05,7000.0,Sin categoría,Sin categoría,PALGUIN ADVENTURE P CAUTIN,Mov. Facturado Nacional,,,,,
2025-05-24,13020.0,Inversión General,Ferretería,SUPERMERCADO IBACAC CURARREHUE,Mov. Facturado Nacional,,,,,
2025-04-11,30000.0,Costos de Marketing,Publicidad Google,DLOCAL *GOOGLE ADS SANTIAGO,Mov. Facturado Nacional,,,,,
2025-04-17,22200.0,Sin categoría,Sin categoría,PASAJEBUS SANTIAGO,Mov. Facturado Nacional,,,,,
2025-04-17,7333.0,Inversión General,Ferretería,SUPERMERCADO IBACAC CURARREHUE,Mov. Facturado Nacional,,,,,
2025-04-16,11250.0,Inversión General,Ferretería,SUPERMERCADO IBACAC CURARREHUE,Mov. Facturado Nacional,,,,,
2025-04-16,104430.0,Costos Variables,Stock tablas y bebidas,LIDER.CL TIENDA WEB SANTIAGO,Mov. Facturado Nacional,,,,,
2025-04-15,81429.0,Sin categoría,Sin categoría,PAGO AUTOMATICO,Mov. Facturado Nacional,,,,,
2025-04-15,20142.0,Sin categoría,Transporte,PAYU *UBER TRIP SANTIAGO,Mov. Facturado Nacional,,,,,
2025-04-15,3200.0,Sin categoría,Sin categoría,STARBUCKS PIE ANDIN SANTIAGO,Mov. Facturado Nacional,,,,,
2025-04-15,20280.0,Sin categoría,Sin categoría,DOC POPCORN SANTIAGO,Mov. Facturado Nacional,,,,,
2025-04-13,34000.0,Sin categoría,Sin categoría,DON POLLO ANTOFAGASTA,Mov. Facturado Nacional,,,,,
2025-04-13,10200.0,Sin categoría,Sin categoría,TUU*HAULMER AGREGAD CURICO,Mov. Facturado Nacional,,,,,
2025-04-13,35128.0,Sin categoría,Sin categoría,ANTOFAGASTA / AV GR ANTOFAGASTA,Mov. Facturado Nacional,,,,,
2025-04-12,2560.0,Sin categoría,Sin categoría,PETROBRAS JARDINES ANTOFAGASTA,Mov. Facturado Nacional,,,,,
2025-04-11,9730.0,Sin categoría,Transporte,PAYU *UBER TRIP SANTIAGO,Mov. Facturado Nacional,,,,,
2025-04-06,6500.0,Sin categoría,Sin categoría,LA VIEJA ESCUELA PUCON,Mov. Facturado Nacional,,,,,
2025-04-11,27250.0,Sin categoría,Sin categoría,MINIMARKET Y BOTILL ANTOFAGASTA,Mov. Facturado Nacional,,,,,
2025-04-10,16870.0,Sin categoría,Sin categoría,C. VERDE AV GRECIA4 ANTOFAGASTA,Mov. Facturado Nacional,,,,,
2025-04-10,2216.0,Sin categoría,Transporte,PAYU *UBER TRIP SANTIAGO,Mov. Facturado Nacional,,,,,
2025-04-10,59280.0,Sin categoría,Sin categoría,NIU SUSHI ANTOFAGAS ANTOFAGASTA,Mov. Facturado Nacional,,,,,
2025-04-09,35200.0,Sin categoría,Alimentos,FAMILIA UNIDA UYP S CAUTIN,Mov. Facturado Nacional,,,,,
2025-04-08,47995.0,Inversión General,Ferretería,SUPERMERCADO PUCON PUCON,Mov. Facturado Nacional,,,,,
2025-04-08,9000.0,Sin categoría,Importaciones,IMPORTADORA SOL Y L CAUTIN,Mov. Facturado Nacional,,,,,
2025-04-08,100.0,Sin categoría,Sin categoría,TUU*mufin YUMBEL,Mov. Facturado Nacional,,,,,
2025-04-08,4800.0,Sin categoría,Sin categoría,AGROFOOD 11001SANTIAG,Mov. Facturado Nacional,,,,,
2025-04-06,9500.0,Sin categoría,Sin categoría,LA VIEJA ESCUELA PUCON,Mov. Facturado Nacional,,,,,
2025-04-06,26400.0,Sin categoría,Sin categoría,ANDIAMO RISTORANTE PUCON,Mov. Facturado Nacional,,,,,
2025-04-06,61143.0,Costos Variables,Combustible,COPEC ASISTIDO LAS CONDES,Mov. Facturado Nacional,,,,,
2025-05-24,2630.0,Inversión General,Ferretería,FERRETERIA ELTIT PUCON,Mov. Facturado Nacional,,,,,
2025-05-23,23833.0,Inversión General,Compras Internacionales,MERCADOPAGO*ALIPAYS LAS CONDES,Mov. Facturado Nacional,,,,,
2025-07-18,18990.0,Costos de Marketing,Herramientas de marketing,PADDLE.NET* CHATBOT,Mov. Facturado Internacional,REINO UNIDO,19.99,,,
2025-05-06,5830.0,Sin categoría,Sin categoría,STA ISABEL EL GABIN SANTIAGO,Mov. Facturado Nacional,,,,,
2025-05-07,31100.0,Sin categoría,Sin categoría,LBB LOS TRAPENSES S SANTIAGO,Mov. Facturado Nacional,,,,,
2025-05-07,6770.0,Sin categoría,Transporte,PAYU *UBER EATS SANTIAGO,Mov. Facturado Nacional,,,,,
2025-05-07,8400.0,Sin categoría,Sin categoría,LBB LOS TRAPENSES S SANTIAGO,Mov. Facturado Nacional,,,,,
2025-05-07,2200.0,Sin categoría,Sin categoría,LBB LOS TRAPENSES S SANTIAGO,Mov. Facturado Nacional,,,,,
2025-05-06,14000.0,Sin categoría,Sin categoría,EASYCANCHA LAS CONDES,Mov. Facturado Nacional,,,,,
2025-05-06,19494.0,Costos Fijos,Seguros,BICE VIDA PAT SANTIAGO,Mov. Facturado Nacional,,,,,
2025-05-06,5780.0,Costos Variables,Combustible,SHELL.PATAGONI 75.T SANTIAGO,Mov. Facturado Nacional,,,,,
2025-05-06,5000.0,Sin categoría,Sin categoría,CLUB VITACURA SANTIAGO,Mov. Facturado Nacional,,,,,
2025-05-06,3000.0,Sin categoría,Sin categoría,CLUB VITACURA SANTIAGO,Mov. Facturado Nacional,,,,,
2025-05-06,6592.0,Sin categoría,Sin categoría,SPID EL TRANQUE SANTIAGO,Mov. Facturado Nacional,,,,,
2025-05-06,9990.0,Sin categoría,Sin categoría,STREET WRAP LO BARN SANTIAGO,Mov. Facturado Nacional,,,,,
2025-05-06,4200.0,Sin categoría,Sin categoría,NIU SUSHI SANTIAGO,Mov. Facturado Nacional,,,,,
2025-05-06,7651.0,Sin categoría,Sin categoría,SALCOBRAND AVDA LA SANTIAGO,Mov. Facturado Nacional,,,,,
2025-05-08,17655.0,Sin categoría,Sin categoría,CHILEXPRESS CAMINO SANTIAGO,Mov. Facturado Nacional,,,,,
2025-05-05,30892.0,Sin categoría,Sin categoría,PCV LOS VOLCANES VILLARRICA,Mov. Facturado Nacional,,,,,
2025-05-05,111014.0,Inversión General,Ferretería,SUPERMERCADO PUCON PUCON,Mov. Facturado Nacional,,,,,
2025-05-05,19600.0,Sin categoría,Sin categoría,DEPORTES SALMO REY CAUTIN,Mov. Facturado Nacional,,,,,
2025-05-05,900.0,Sin categoría,Sin categoría,FARMACIA DERIVAL CAUTIN,Mov. Facturado Nacional,,,,,
2025-05-05,3000.0,Sin categoría,Sin categoría,MERPAGO*CAROLINA AN VILLARRICA,Mov. Facturado Nacional,,,,,
2025-05-05,22950.0,Sin categoría,Sin categoría,GRANDES TIENDAS HAI PUCON,Mov. Facturado Nacional,,,,,
2025-05-05,36970.0,Sin categoría,Sin categoría,MERCADOPAGO*LAHUERT LAS CONDES,Mov. Facturado Nacional,,,,,
2025-05-05,2460.0,Sin categoría,Sin categoría,TUU*mufin YUMBEL,Mov. Facturado Nacional,,,,,
2025-05-05,22430.0,Sin categoría,Sin categoría,RECORRIDO SANTIAGO,Mov. Facturado Nacional,,,,,
2025-05-04,9962.0,Sin categoría,Transporte,PAYU *UBER EATS SANTIAGO,Mov. Facturado Nacional,,,,,
2025-05-02,7330.0,Inversión General,Ferretería,SUPERMERCADO IBACAC CURARREHUE,Mov. Facturado Nacional,,,,,
2025-05-02,33000.0,Costos Variables,Gas,MERCADOPAGO*FERRETE LAS CONDES,Mov. Facturado Nacional,,,,,
2025-05-07,2000.0,Sin categoría,Sin categoría,VINCENZO SPA SANTIAGO,Mov. Facturado Nacional,,,,,
2025-05-08,94010.0,Sin categoría,Sin categoría,NUCLEO MAYOR APARTA SANTIAGO,Mov. Facturado Nacional,,,,,
2025-05-22,4500.0,Sin categoría,Sin categoría,AGROFOOD 11001SANTIAG,Mov. Facturado Nacional,,,,,
2025-05-16,46447.0,Sin categoría,Sin categoría,MERPAGO*JETSMART LAS CONDES,Mov. Facturado Nacional,,,,,
2025-05-22,8348.0,Sin categoría,Alimentos,FAMILIA UNIDA UYP S CAUTIN,Mov. Facturado Nacional,,,,,
2025-05-22,6500.0,Sin categoría,Sin categoría,AGROFOOD 11001SANTIAG,Mov. Facturado Nacional,,,,,
2025-05-22,6980.0,Inversión General,Ferretería,SUPERMERCADO IBACAC CURARREHUE,Mov. Facturado Nacional,,,,,
2025-05-21,4798.0,Sin categoría,Transporte,PAYU *UBER TRIP SANTIAGO,Mov. Facturado Nacional,,,,,
2025-05-20,13820.0,Inversión General,Ferretería,UNIMARC LOS TRAPENS SANTIAGO,Mov. Facturado Nacional,,,,,
2025-05-20,18333.0,Sin categoría,Sin categoría,ESTADIO CROATA SANTIAGO,Mov. Facturado Nacional,,,,,
2025-05-19,3990.0,Sin categoría,Transporte,UBER LAS CONDES,Mov. Facturado Nacional,,,,,
2025-05-19,28428.0,Sin categoría,Transporte,PAYU *UBER EATS SANTIAGO,Mov. Facturado Nacional,,,,,
2025-05-17,2400.0,Sin categoría,Sin categoría,SONRIE 2 SPA ANTOFAGASTA,Mov. Facturado Nacional,,,,,
2025-05-17,2820.0,Sin categoría,Sin categoría,MERCADOPAGO*PANFERN LAS CONDES,Mov. Facturado Nacional,,,,,
2025-05-16,2000.0,Sin categoría,Sin categoría,TUR BUS 1205 MOD.AE SANTIAGO,Mov. Facturado Nacional,,,,,
2025-05-16,6930.0,Sin categoría,Sin categoría,DRINK SANTIAGO ROTO SANTIAGO,Mov. Facturado Nacional,,,,,
2025-05-15,68350.0,Inversión General,Ferretería,FERRETERIA ELTIT PUCON,Mov. Facturado Nacional,,,,,
2025-05-08,33133.0,Inversión General,Compras Internacionales,MERCADOPAGO*ALIPAYS LAS CONDES,Mov. Facturado Nacional,,,,,
2025-05-15,29765.0,Inversión General,Ferretería,SUPERMERCADO PUCON PUCON,Mov. Facturado Nacional,,,,,
2025-05-15,1500.0,Sin categoría,Sin categoría,FARMACIA PUCON PUCON,Mov. Facturado Nacional,,,,,
2025-05-15,8490.0,Sin categoría,Sin categoría,SOCIEDAD COMERCIAL CAUTIN,Mov. Facturado Nacional,,,,,
2025-05-14,65015.0,Costos Variables,Combustible,COPEC ASISTIDO LAS CONDES,Mov. Facturado Nacional,,,,,
2025-05-12,25892.0,Sin categoría,Sin categoría,MERCADOPAGO*WINKLER LAS CONDES,Mov. Facturado Nacional,,,,,
2025-05-10,98000.0,Costos Variables,Gas,MERCADOPAGO*FERRETE LAS CONDES,Mov. Facturado Nacional,,,,,
2025-05-10,6405.0,Inversión General,Ferretería,UNIMARC PUCON PUCON,Mov. Facturado Nacional,,,,,
2025-05-09,10000.0,Sin categoría,Sin categoría,ARAMCO MANQUEHUE 41 SANTIAGO,Mov. Facturado Nacional,,,,,
2025-05-09,3997.0,Sin categoría,Transporte,PAYU *UBER TRIP SANTIAGO,Mov. Facturado Nacional,,,,,
2025-05-09,31000.0,Sin categoría,Sin categoría,COMERCIAL Y SERVICI LO BARNECHEA,Mov. Facturado Nacional,,,,,
2025-05-09,3699.0,Sin categoría,Transporte,PAYU *UBER TRIP SANTIAGO,Mov. Facturado Nacional,,,,,
2025-05-08,1991.0,Sin categoría,Transporte,PAYU *UBER TRIP SANTIAGO,Mov. Facturado Nacional,,,,,
2025-04-17,3890.0,Inversión General,Ferretería,SUPERMERCADO IBACAC CURARREHUE,Mov. Facturado Nacional,,,,,
2025-04-17,97000.0,Inversión General,Ferretería,SUPERMERCADO IBACAC CURARREHUE,Mov. Facturado Nacional,,,,,
2025-04-18,49990.0,Inversión General,Ferretería,FERRETERIA ELTIT PUCON,Mov. Facturado Nacional,,,,,
2025-02-03,4000.0,Sin categoría,Sin categoría,MERPAGO*BAZO SPA BA SANTIAGO,Mov. Facturado Nacional,,,,,
2025-02-20,13450.0,Inversión General,Ferretería,SUPERMERCADO IBACAC CURARREHUE,Mov. Facturado Nacional,,,,,
2025-02-19,29400.0,Sin categoría,Sin categoría,MERCADOPAGO*AUTOPLA LAS CONDES,Mov. Facturado Nacional,,,,,
2025-02-17,13873.0,Costos Fijos,Internet,ENTEL PCS PAGO EN L SANTIAGO,Mov. Facturado Nacional,,,,,
2025-02-17,5100.0,Inversión General,Ferretería,SUPERMERCADO CATRIP CURARREHUE,Mov. Facturado Nacional,,,,,
2025-02-17,73899.0,Inversión General,Ferretería,SUPERMERCADO ELTIT PUCON,Mov. Facturado Nacional,,,,,
2025-02-16,3990.0,Inversión General,Ferretería,SUPERMERCADO IBACAC CURARREHUE,Mov. Facturado Nacional,,,,,
2025-02-15,8000.0,Sin categoría,Sin categoría,MAGRITTE CIDER SANTIAGO,Mov. Facturado Nacional,,,,,
2025-02-12,24896.0,Inversión General,Compras Internacionales,MERCADOPAGO*ALIPAYS LAS CONDES,Mov. Facturado Nacional,,,,,
2025-02-10,365265.0,Inversión en Activos,Calefonts,MATUCANA 25 SANTIAGO,Mov. Facturado Nacional,,,,,Calefont 2
2025-02-04,19142.0,Costos Fijos,Seguros,BICE VIDA PAT SANTIAGO,Mov. Facturado Nacional,,,,,
2025-02-03,1350.0,Inversión General,Ferretería,SUPERMERCADO IBACAC CURARREHUE,Mov. Facturado Nacional,,,,,
2025-02-02,5350.0,Sin categoría,Sin categoría,LOS PEQUES PUCON,Mov. Facturado Nacional,,,,,
2025-02-25,7530.0,Inversión General,Ferretería,SUPERMERCADO IBACAC CURARREHUE,Mov. Facturado Nacional,,,,,
2025-02-01,1900.0,Inversión General,Ferretería,SUPERMERCADO IBACAC CURARREHUE,Mov. Facturado Nacional,,,,,
2025-01-31,17700.0,Sin categoría,Importaciones,IMPORTADORA DRAGON PUCON,Mov. Facturado Nacional,,,,,
2025-01-31,29900.0,Sin categoría,Sin categoría,PASS LINE LTDA SANTIAGO,Mov. Facturado Nacional,,,,,
2025-01-29,1200.0,Sin categoría,Sin categoría,MERPAGO*FENELHOMME VILLARRICA,Mov. Facturado Nacional,,,,,
2024-09-04,24153.0,Sin categoría,Sin categoría,"MP *MERCADO LIB TASA INT. 0,00%",Mov. Facturado Nacional,,,06/06,,
2025-02-26,1015.0,Sin categoría,Sin categoría,"IMPUESTO DECRETO LEY 3475 TASA 0,066%",Mov. Facturado Nacional,,,,,
2025-02-14,3691.0,Sin categoría,Sin categoría,"IMPUESTO DECRETO LEY 3475 TASA 0,792%",Mov. Facturado Nacional,,,,,
2025-03-25,13500.0,Sin categoría,Sin categoría,EXPRESS MARKET VILLARRICA,Mov. Facturado Nacional,,,,,
2025-03-25,4350.0,Sin categoría,Sin categoría,HAULMER*EXITO RS SANTIAGO,Mov. Facturado Nacional,,,,,
2025-03-25,5960.0,Inversión General,Ferretería,SUPERMERCADO IBACAC CURARREHUE,Mov. Facturado Nacional,,,,,
2025-03-25,10900.0,Sin categoría,Sin categoría,HAULMER*EXITO RS SANTIAGO,Mov. Facturado Nacional,,,,,
2025-02-23,7250.0,Inversión General,Ferretería,SUPERMERCADO CATRIP CURARREHUE,Mov. Facturado Nacional,,,,,
2025-02-25,22234.0,Inversión General,Ferretería,SUPERMERCADO IBACAC CURARREHUE,Mov. Facturado Nacional,,,,,
2025-04-18,21000.0,Sin categoría,Sin categoría,PUCON EN FLOR CAUTIN,Mov. Facturado Nacional,,,,,
2025-01-23,4398.0,Costos de Marketing,Publicidad Meta,FACEBK*,Mov. Facturado Internacional,IRLANDA,4.63,,,
2025-07-17,41458.0,Costos de Marketing,Publicidad Meta,FACEBK *JR6JYS8F42,Mov. Facturado Internacional,IRLANDA,43.64,,,
2025-07-09,94914.0,Costos de Marketing,Publicidad Meta,FACEBK *F5ZLRRYE42,Mov. Facturado Internacional,IRLANDA,99.91,,,
2025-07-09,12340.0,Inversión General,Sitio Web,hostinger.com,Mov. Facturado Internacional,CHIPRE,12.99,,,
2025-07-09,30390.0,Inversión General,Sitio Web,HOSTINGER* HOSTINGE,Mov. Facturado Internacional,CHIPRE,31.99,,,
2025-07-09,24918.0,Costos Variables,edicion videos,FiverrEU,Mov. Facturado Internacional,CHIPRE,26.23,,,
2025-07-05,90544.0,Costos de Marketing,Publicidad Meta,FACEBK *QGP9ASCF42,Mov. Facturado Internacional,IRLANDA,95.31,,,
2025-07-05,150613.0,Inversión en Activos,Bombas,AMAZON MKTPL*N35UM1,Mov. Facturado Internacional,ESTADOS UNIDOS,158.54,,,Bombas seaflo
2025-07-04,19000.0,Costos de Marketing,Herramientas de marketing,"CURSOR, AI POWERED",Mov. Facturado Internacional,ESTADOS UNIDOS,20.0,,,
2025-07-01,15532.0,Costos de Marketing,Publicidad Google,GOOGLE *ADS15719036,Mov. Facturado Internacional,ESTADOS UNIDOS,16.35,,,
2025-06-30,84540.0,Costos de Marketing,Publicidad Meta,FACEBK *HE6CER4F42,Mov. Facturado Internacional,IRLANDA,88.99,,,
2025-06-26,79363.0,Costos de Marketing,Publicidad Meta,FACEBK *TDD8XRUE42,Mov. Facturado Internacional,IRLANDA,83.54,,,
2025-01-29,6583.0,Costos de Marketing,Publicidad Meta,FACEBK*,Mov. Facturado Internacional,IRLANDA,6.93,,,
2025-01-22,2897.0,Costos de Marketing,Publicidad Meta,FACEBK*,Mov. Facturado Internacional,IRLANDA,3.05,,,
2025-01-05,30476.0,Inversión General,Compras Internacionales,ALIEXPRESS.COM ALIE,Mov. Facturado Internacional,REINO UNIDO,32.08,,,
2025-01-21,1938.0,Costos de Marketing,Publicidad Meta,FACEBK*,Mov. Facturado Internacional,IRLANDA,2.04,,,
2025-01-20,20415.0,Inversión General,Compras Internacionales,www.aliexpress.com,Mov. Facturado Internacional,REINO UNIDO,21.49,,,
2025-01-20,1919.0,Costos de Marketing,Publicidad Meta,FACEBK*,Mov. Facturado Internacional,IRLANDA,2.02,,,
2025-01-20,17195.0,Inversión General,Compras Internacionales,www.aliexpress.com,Mov. Facturado Internacional,REINO UNIDO,18.1,,,
2025-01-19,1919.0,Costos de Marketing,Publicidad Meta,FACEBK*,Mov. Facturado Internacional,IRLANDA,2.02,,,
2025-01-18,8721.0,Inversión General,Compras Internacionales,www.aliexpress.com,Mov. Facturado Internacional,REINO UNIDO,9.18,,,
2025-01-18,1919.0,Costos de Marketing,Publicidad Meta,FACEBK*,Mov. Facturado Internacional,IRLANDA,2.02,,,
2025-01-14,73121.0,Inversión General,Compras Internacionales,ALIEXPRESS.COM ALIE,Mov. Facturado Internacional,REINO UNIDO,76.97,,,
2025-01-12,10060.0,Inversión General,Compras Internacionales,www.aliexpress.com,Mov. Facturado Internacional,REINO UNIDO,10.59,,,
2025-01-12,44621.0,Inversión General,Compras Internacionales,www.aliexpress.com,Mov. Facturado Internacional,REINO UNIDO,46.97,,,
2025-01-05,23607.0,Inversión General,Compras Internacionales,www.aliexpress.com,Mov. Facturado Internacional,REINO UNIDO,24.85,,,
2025-01-05,40232.0,Inversión General,Compras Internacionales,ALIEXPRESS.COM,Mov. Facturado Internacional,REINO UNIDO,42.35,,,
2025-03-23,14009.0,Inversión General,Ferretería,SUPERMERCADO PUCON PUCON,Mov. Facturado Nacional,,,,,
2025-03-22,6870.0,Sin categoría,Sin categoría,SUMUP * LUIS IGNACI PUCON,Mov. Facturado Nacional,,,,,
2025-03-22,64664.0,Costos Variables,Combustible,COPEC ASISTIDO LAS CONDES,Mov. Facturado Nacional,,,,,
2025-03-17,31990.0,Sin categoría,Sin categoría,00.ANULACION COMPRA: MERCADOPAGO*MARYC,Mov. Facturado Nacional,,,,,
2025-03-03,1825.0,Sin categoría,Sin categoría,MERPAGO*BLUEFOX SER SANTIAGO,Mov. Facturado Nacional,,,,,
2025-03-03,230642.0,Inversión General,Compras Internacionales,MERCADOPAGO*ALIPAYS LAS CONDES,Mov. Facturado Nacional,,,,,
2025-02-27,61480.0,Costos Variables,Stock tablas y bebidas,LIDER.CL TIENDA WEB SANTIAGO,Mov. Facturado Nacional,,,,,
2025-02-26,6450.0,Sin categoría,Sin categoría,SumUp * Luis Ignaci Pucon,Mov. Facturado Nacional,,,,,
2025-02-26,11800.0,Sin categoría,Sin categoría,BOULEVARD CENTRAL E PUCON,Mov. Facturado Nacional,,,,,
2025-02-26,7550.0,Sin categoría,Sin categoría,MERPAGO*R Y R SPA R PUCON,Mov. Facturado Nacional,,,,,
2025-02-26,1300.0,Sin categoría,Sin categoría,MERPAGO*BLUEFOX SER SANTIAGO,Mov. Facturado Nacional,,,,,
2025-02-26,775.0,Sin categoría,Sin categoría,MERPAGO*BLUEFOX SER SANTIAGO,Mov. Facturado Nacional,,,,,
2025-03-27,1289.0,Sin categoría,Sin categoría,"IMPUESTO DECRETO LEY 3475 TASA 0,066%",Mov. Facturado Nacional,,,,,
2025-03-27,32130.0,Sin categoría,Sin categoría,INTERESES ROTATIVOS,Mov. Facturado Nacional,,,,,
2025-03-18,2133.0,Sin categoría,Sin categoría,"IMPUESTO DECRETO LEY 3475 TASA 0,396%",Mov. Facturado Nacional,,,,,
2025-04-24,10370.0,Sin categoría,Alimentos,FAMILIA UNIDA UYP S CAUTIN,Mov. Facturado Nacional,,,,,
2025-03-22,117059.0,Inversión General,Ferretería,SUPERMERCADO PUCON PUCON,Mov. Facturado Nacional,,,,,
2025-04-24,54900.0,Sin categoría,Sin categoría,MERCADOPAGO*PAGOCAM LAS CONDES,Mov. Facturado Nacional,,,,,
2025-04-23,55272.0,Inversión General,Ferretería,SUPERMERCADO PUCON PUCON,Mov. Facturado Nacional,,,,,
2025-04-23,22600.0,Sin categoría,Importaciones,IMPORTADORA DRAGON PUCON,Mov. Facturado Nacional,,,,,
2025-04-23,7000.0,Sin categoría,Sin categoría,RESTAURANT MIZAWUN CAUTIN,Mov. Facturado Nacional,,,,,
2025-04-22,161000.0,Costos Variables,Gas,MERCADOPAGO*FERRETE LAS CONDES,Mov. Facturado Nacional,,,,,
2025-04-22,2900.0,Inversión General,Ferretería,SUPERMERCADO CATRIP CURARREHUE,Mov. Facturado Nacional,,,,,
2025-04-21,63566.0,Inversión General,Ferretería,SUPERMERCADO IBACAC CURARREHUE,Mov. Facturado Nacional,,,,,
2025-04-21,16990.0,Costos Fijos,Internet,ENTEL PCS PAGO EN L SANTIAGO,Mov. Facturado Nacional,,,,,
2025-04-21,6550.0,Inversión General,Ferretería,SUPERMERCADO CATRIP CURARREHUE,Mov. Facturado Nacional,,,,,
2025-04-20,12890.0,Sin categoría,Sin categoría,MERCADOPAGO*NATIVO LAS CONDES,Mov. Facturado Nacional,,,,,
2025-04-18,2790.0,Inversión General,Ferretería,FERRETERIA ELTIT PUCON,Mov. Facturado Nacional,,,,,
2025-04-18,12679.0,Inversión General,Ferretería,SUPERMERCADO PUCON PUCON,Mov. Facturado Nacional,,,,,
2025-03-03,77300.0,Costos Variables,Stock tablas y bebidas,LIDER.CL TIENDA WEB SANTIAGO,Mov. Facturado Nacional,,,,,
2025-03-03,4870.0,Sin categoría,Sin categoría,INVERSIONES LD SPA CAUTIN,Mov. Facturado Nacional,,,,,
2025-03-03,4400.0,Sin categoría,Alimentos,AFUNAYUN PUCON,Mov. Facturado Nacional,,,,,
2025-03-04,840.0,Inversión General,Ferretería,SUPERMERCADO IBACAC CURARREHUE,Mov. Facturado Nacional,,,,,
2025-03-22,12000.0,Sin categoría,Sin categoría,CLUB DE PADEL LA PO CAUTIN,Mov. Facturado Nacional,,,,,
2025-03-20,10000.0,Costos de Marketing,Publicidad Google,DLOCAL *GOOGLE ADS SANTIAGO,Mov. Facturado Nacional,,,,,
2025-03-20,10000.0,Inversión General,Ferretería,FERRETERIA NATO CURARREHUE,Mov. Facturado Nacional,,,,,
2025-03-20,1500.0,Inversión General,Ferretería,SUPERMERCADO IBACAC CURARREHUE,Mov. Facturado Nacional,,,,,
2025-03-20,5900.0,Inversión General,Ferretería,SUPERMERCADO IBACAC CURARREHUE,Mov. Facturado Nacional,,,,,
2025-03-20,1530.0,Sin categoría,Sin categoría,VENTAS DE FRUTAS Y CAUTIN,Mov. Facturado Nacional,,,,,
2025-03-18,7440.0,Inversión General,Ferretería,UNIMARC PUCON PUCON,Mov. Facturado Nacional,,,,,
2025-03-17,15384.0,Sin categoría,Transporte,PAYU *UBER TRIP SANTIAGO,Mov. Facturado Nacional,,,,,
2025-03-17,24422.0,Sin categoría,Sin categoría,SALCOBRAND AV.SANTA SANTIAGO,Mov. Facturado Nacional,,,,,
2025-03-17,22430.0,Sin categoría,Sin categoría,RECORRIDO SANTIAGO,Mov. Facturado Nacional,,,,,
2025-03-16,5309.0,Sin categoría,Transporte,PAYU *UBER TRIP SANTIAGO,Mov. Facturado Nacional,,,,,
2025-03-16,54000.0,Sin categoría,Sin categoría,MOTELAZZO RECOLETA,Mov. Facturado Nacional,,,,,
2025-03-16,23070.0,Sin categoría,Transporte,PAYU *UBER EATS SANTIAGO,Mov. Facturado Nacional,,,,,
2025-03-14,11893.0,Costos Fijos,Internet,ENTEL PCS PAGO EN L SANTIAGO,Mov. Facturado Nacional,,,,,
2025-03-13,90608.0,Sin categoría,Sin categoría,FLOW *UPS DE CHIL SANTIAGO,Mov. Facturado Nacional,,,,,
2025-03-12,41470.0,Sin categoría,Sin categoría,MORA PUCON,Mov. Facturado Nacional,,,,,
2025-03-11,77581.0,Costos Variables,Combustible,COPEC ASISTIDO LAS CONDES,Mov. Facturado Nacional,,,,,
2025-03-10,27500.0,Sin categoría,Sin categoría,PAPEL PRINT CHILE SANTIAGO,Mov. Facturado Nacional,,,,,
2025-03-10,8950.0,Sin categoría,Sin categoría,COPROCK LIMITADA SANTIAGO,Mov. Facturado Nacional,,,,,
2025-03-07,15674.0,Inversión General,Compras Internacionales,MERCADOPAGO*ALIPAYS LAS CONDES,Mov. Facturado Nacional,,,,,
2025-03-06,2690.0,Sin categoría,Sin categoría,BPO ADVISORS SPA SANTIAGO,Mov. Facturado Nacional,,,,,
2025-03-05,19285.0,Costos Fijos,Seguros,BICE VIDA PAT SANTIAGO,Mov. Facturado Nacional,,,,,
2025-03-04,2094.0,Inversión General,Ferretería,SUPERMERCADO IBACAC CURARREHUE,Mov. Facturado Nacional,,,,,
2025-03-04,8000.0,Sin categoría,Sin categoría,JOSE WILSON CAAMANO CAUTIN,Mov. Facturado Nacional,,,,,
2025-05-01,4790.0,Sin categoría,Sin categoría,INVERSIONES LD SPA CAUTIN,Mov. Facturado Nacional,,,,,
